data-cut-off-date,web-posting-date,age-group,male,female,other,unknown,total,doses-admin-age-group,doses-admin-male,doses-admin-female,doses-admin-male-female,rate-age-group,rate-male,rate-female,rate-male-female
2021-01-01,2021-01-08,<1,0,0,0,0,0,N/A,N/A,N/A,N/A,N/A,N/A,N/A,N/A
2021-01-01,2021-01-08,1 to <2,0,0,0,0,0,N/A,N/A,N/A,N/A,N/A,N/A,N/A,N/A
2021-01-01,2021-01-08,2 to <7,0,0,0,0,0,N/A,N/A,N/A,N/A,N/A,N/A,N/A,N/A
2021-01-01,2021-01-08,7 to <18,0,0,0,0,0,N/A,N/A,N/A,N/A,N/A,N/A,N/A,N/A
2021-01-01,2021-01-08,18 to <50,0,8,0,0,8,N/A,N/A,N/A,N/A,N/A,N/A,N/A,N/A
2021-01-01,2021-01-08,50 to <65,0,0,0,0,0,N/A,N/A,N/A,N/A,N/A,N/A,N/A,N/A
2021-01-01,2021-01-08,65+,0,0,0,0,0,N/A,N/A,N/A,N/A,N/A,N/A,N/A,N/A
2021-01-01,2021-01-08,Unknown,0,0,0,1,1,N/A,N/A,N/A,N/A,N/A,N/A,N/A,N/A
2021-01-01,2021-01-08,Total,0,8,0,1,9,N/A,N/A,N/A,N/A,N/A,N/A,N/A,N/A
2021-01-08,2021-01-15,<1,0,0,0,0,0,N/A,N/A,N/A,N/A,N/A,N/A,N/A,N/A
2021-01-08,2021-01-15,1 to <2,0,0,0,0,0,N/A,N/A,N/A,N/A,N/A,N/A,N/A,N/A
2021-01-08,2021-01-15,2 to <7,0,0,0,0,0,N/A,N/A,N/A,N/A,N/A,N/A,N/A,N/A
2021-01-08,2021-01-15,7 to <18,0,0,0,0,0,N/A,N/A,N/A,N/A,N/A,N/A,N/A,N/A
2021-01-08,2021-01-15,18 to <50,1,16,0,0,17,N/A,N/A,N/A,N/A,N/A,N/A,N/A,N/A
2021-01-08,2021-01-15,50 to <65,0,6,0,0,6,N/A,N/A,N/A,N/A,N/A,N/A,N/A,N/A
2021-01-08,2021-01-15,65+,0,0,0,0,0,N/A,N/A,N/A,N/A,N/A,N/A,N/A,N/A
2021-01-08,2021-01-15,Unknown,0,0,0,1,1,N/A,N/A,N/A,N/A,N/A,N/A,N/A,N/A
2021-01-08,2021-01-15,Total,1,22,0,1,24,N/A,N/A,N/A,N/A,N/A,N/A,N/A,N/A
2021-01-15,2021-01-22,<1,0,0,0,0,0,N/A,N/A,N/A,N/A,N/A,N/A,N/A,N/A
2021-01-15,2021-01-22,1 to <2,0,0,0,0,0,N/A,N/A,N/A,N/A,N/A,N/A,N/A,N/A
2021-01-15,2021-01-22,2 to <7,0,0,0,0,0,N/A,N/A,N/A,N/A,N/A,N/A,N/A,N/A
2021-01-15,2021-01-22,7 to <18,0,0,0,0,0,N/A,N/A,N/A,N/A,N/A,N/A,N/A,N/A
2021-01-15,2021-01-22,18 to <50,2,59,0,2,63,N/A,N/A,N/A,N/A,N/A,N/A,N/A,N/A
2021-01-15,2021-01-22,50 to <65,2,18,0,0,20,N/A,N/A,N/A,N/A,N/A,N/A,N/A,N/A
2021-01-15,2021-01-22,65+,0,4,0,0,4,N/A,N/A,N/A,N/A,N/A,N/A,N/A,N/A
2021-01-15,2021-01-22,Unknown,0,1,0,2,3,N/A,N/A,N/A,N/A,N/A,N/A,N/A,N/A
2021-01-15,2021-01-22,Total,4,82,0,4,90,N/A,N/A,N/A,N/A,N/A,N/A,N/A,N/A
2021-01-22,2021-01-29,<1,0,0,0,0,0,N/A,N/A,N/A,N/A,N/A,N/A,N/A,N/A
2021-01-22,2021-01-29,1 to <2,0,0,0,0,0,N/A,N/A,N/A,N/A,N/A,N/A,N/A,N/A
2021-01-22,2021-01-29,2 to <7,0,0,0,0,0,N/A,N/A,N/A,N/A,N/A,N/A,N/A,N/A
2021-01-22,2021-01-29,7 to <18,0,0,0,0,0,N/A,N/A,N/A,N/A,N/A,N/A,N/A,N/A
2021-01-22,2021-01-29,18 to <50,8,143,0,2,153,N/A,N/A,N/A,N/A,N/A,N/A,N/A,N/A
2021-01-22,2021-01-29,50 to <65,8,62,0,0,70,N/A,N/A,N/A,N/A,N/A,N/A,N/A,N/A
2021-01-22,2021-01-29,65+,3,11,0,0,14,N/A,N/A,N/A,N/A,N/A,N/A,N/A,N/A
2021-01-22,2021-01-29,Unknown,2,3,0,2,7,N/A,N/A,N/A,N/A,N/A,N/A,N/A,N/A
2021-01-22,2021-01-29,Total,21,219,0,4,244,N/A,N/A,N/A,N/A,N/A,N/A,N/A,N/A
2021-01-29,2021-02-05,<1,0,0,0,0,0,N/A,N/A,N/A,N/A,N/A,N/A,N/A,N/A
2021-01-29,2021-02-05,1 to <2,0,0,0,0,0,N/A,N/A,N/A,N/A,N/A,N/A,N/A,N/A
2021-01-29,2021-02-05,2 to <7,0,0,0,0,0,N/A,N/A,N/A,N/A,N/A,N/A,N/A,N/A
2021-01-29,2021-02-05,7 to <18,0,1,0,0,1,N/A,N/A,N/A,N/A,N/A,N/A,N/A,N/A
2021-01-29,2021-02-05,18 to <50,12,271,0,2,285,N/A,N/A,N/A,N/A,N/A,N/A,N/A,N/A
2021-01-29,2021-02-05,50 to <65,12,108,0,0,120,N/A,N/A,N/A,N/A,N/A,N/A,N/A,N/A
2021-01-29,2021-02-05,65+,10,52,0,1,63,N/A,N/A,N/A,N/A,N/A,N/A,N/A,N/A
2021-01-29,2021-02-05,Unknown,2,5,0,4,11,N/A,N/A,N/A,N/A,N/A,N/A,N/A,N/A
2021-01-29,2021-02-05,Total,36,437,0,7,480,N/A,N/A,N/A,N/A,N/A,N/A,N/A,N/A
2021-02-05,2021-02-12,<1,0,0,0,0,0,N/A,N/A,N/A,N/A,N/A,N/A,N/A,N/A
2021-02-05,2021-02-12,1 to <2,0,0,0,0,0,N/A,N/A,N/A,N/A,N/A,N/A,N/A,N/A
2021-02-05,2021-02-12,2 to <7,0,0,0,0,0,N/A,N/A,N/A,N/A,N/A,N/A,N/A,N/A
2021-02-05,2021-02-12,7 to <18,0,2,0,0,2,N/A,N/A,N/A,N/A,N/A,N/A,N/A,N/A
2021-02-05,2021-02-12,18 to <50,23,344,0,2,369,N/A,N/A,N/A,N/A,N/A,N/A,N/A,N/A
2021-02-05,2021-02-12,50 to <65,17,141,0,0,158,N/A,N/A,N/A,N/A,N/A,N/A,N/A,N/A
2021-02-05,2021-02-12,65+,14,95,0,1,110,N/A,N/A,N/A,N/A,N/A,N/A,N/A,N/A
2021-02-05,2021-02-12,Unknown,2,5,0,5,12,N/A,N/A,N/A,N/A,N/A,N/A,N/A,N/A
2021-02-05,2021-02-12,Total,56,587,0,8,651,N/A,N/A,N/A,N/A,N/A,N/A,N/A,N/A
2021-02-12,2021-02-19,<1,0,0,0,0,0,N/A,N/A,N/A,N/A,N/A,N/A,N/A,N/A
2021-02-12,2021-02-19,1 to <2,0,0,0,0,0,N/A,N/A,N/A,N/A,N/A,N/A,N/A,N/A
2021-02-12,2021-02-19,2 to <7,0,0,0,0,0,N/A,N/A,N/A,N/A,N/A,N/A,N/A,N/A
2021-02-12,2021-02-19,7 to <18,0,2,0,0,2,N/A,N/A,N/A,N/A,N/A,N/A,N/A,N/A
2021-02-12,2021-02-19,18 to <50,35,482,0,3,520,N/A,N/A,N/A,N/A,N/A,N/A,N/A,N/A
2021-02-12,2021-02-19,50 to <65,23,199,0,0,221,N/A,N/A,N/A,N/A,N/A,N/A,N/A,N/A
2021-02-12,2021-02-19,65+,23,160,0,1,184,N/A,N/A,N/A,N/A,N/A,N/A,N/A,N/A
2021-02-12,2021-02-19,Unknown,3,8,0,18,30,N/A,N/A,N/A,N/A,N/A,N/A,N/A,N/A
2021-02-12,2021-02-19,Total,84,851,0,22,957,N/A,N/A,N/A,N/A,N/A,N/A,N/A,N/A
2021-02-19,2021-02-26,<1,0,0,0,0,0,N/A,N/A,N/A,N/A,N/A,N/A,N/A,N/A
2021-02-19,2021-02-26,1 to <2,0,0,0,0,0,N/A,N/A,N/A,N/A,N/A,N/A,N/A,N/A
2021-02-19,2021-02-26,2 to <7,0,0,0,0,0,N/A,N/A,N/A,N/A,N/A,N/A,N/A,N/A
2021-02-19,2021-02-26,7 to <18,1,2,0,0,3,N/A,N/A,N/A,N/A,N/A,N/A,N/A,N/A
2021-02-19,2021-02-26,18 to <50,44,605,0,3,652,N/A,N/A,N/A,N/A,N/A,N/A,N/A,N/A
2021-02-19,2021-02-26,50 to <65,30,260,0,1,291,N/A,N/A,N/A,N/A,N/A,N/A,N/A,N/A
2021-02-19,2021-02-26,65+,38,218,0,2,258,N/A,N/A,N/A,N/A,N/A,N/A,N/A,N/A
2021-02-19,2021-02-26,Unknown,3,10,0,18,31,N/A,N/A,N/A,N/A,N/A,N/A,N/A,N/A
2021-02-19,2021-02-26,Total,116,1095,0,24,1235,N/A,N/A,N/A,N/A,N/A,N/A,N/A,N/A
2021-02-26,2021-03-05,0 to <16,N/A,N/A,N/A,N/A,N/A,N/A,N/A,N/A,N/A,N/A,N/A,N/A,N/A
2021-02-26,2021-03-05,16 to <18,1,3,0,0,4,N/A,N/A,N/A,N/A,N/A,N/A,N/A,N/A
2021-02-26,2021-03-05,18 to <50,62,759,0,7,828,N/A,N/A,N/A,N/A,N/A,N/A,N/A,N/A
2021-02-26,2021-03-05,50 to <65,36,340,0,1,377,N/A,N/A,N/A,N/A,N/A,N/A,N/A,N/A
2021-02-26,2021-03-05,65+,56,288,0,2,346,N/A,N/A,N/A,N/A,N/A,N/A,N/A,N/A
2021-02-26,2021-03-05,Unknown,3,15,0,18,36,N/A,N/A,N/A,N/A,N/A,N/A,N/A,N/A
2021-02-26,2021-03-05,Total,158,1405,0,28,1591,N/A,N/A,N/A,N/A,N/A,N/A,N/A,N/A
2021-03-05,2021-03-12,0 to <16,N/A,N/A,N/A,N/A,N/A,N/A,N/A,N/A,N/A,N/A,N/A,N/A,N/A
2021-03-05,2021-03-12,16 to <18,2,3,0,0,5,N/A,N/A,N/A,N/A,N/A,N/A,N/A,N/A
2021-03-05,2021-03-12,18 to <50,76,915,0,7,998,N/A,N/A,N/A,N/A,N/A,N/A,N/A,N/A
2021-03-05,2021-03-12,50 to <65,37,427,0,2,466,N/A,N/A,N/A,N/A,N/A,N/A,N/A,N/A
2021-03-05,2021-03-12,65+,69,345,0,2,416,N/A,N/A,N/A,N/A,N/A,N/A,N/A,N/A
2021-03-05,2021-03-12,Unknown,3,18,0,17,38,N/A,N/A,N/A,N/A,N/A,N/A,N/A,N/A
2021-03-05,2021-03-12,Total,187,1708,0,28,1923,N/A,N/A,N/A,N/A,N/A,N/A,N/A,N/A
2021-03-12,2021-03-19,0 to <16,N/A,N/A,N/A,N/A,N/A,N/A,N/A,N/A,N/A,N/A,N/A,N/A,N/A
2021-03-12,2021-03-19,16 to <18,3,4,0,0,7,N/A,N/A,N/A,N/A,N/A,N/A,N/A,N/A
2021-03-12,2021-03-19,18 to <50,88,1035,0,9,1132,N/A,N/A,N/A,N/A,N/A,N/A,N/A,N/A
2021-03-12,2021-03-19,50 to <65,46,483,0,2,531,N/A,N/A,N/A,N/A,N/A,N/A,N/A,N/A
2021-03-12,2021-03-19,65+,84,387,0,2,473,N/A,N/A,N/A,N/A,N/A,N/A,N/A,N/A
2021-03-12,2021-03-19,Unknown,4,19,0,43,66,N/A,N/A,N/A,N/A,N/A,N/A,N/A,N/A
2021-03-12,2021-03-19,Total,225,1928,0,56,2209,N/A,N/A,N/A,N/A,N/A,N/A,N/A,N/A
2021-03-19,2021-03-26,0 to <16,N/A,N/A,N/A,N/A,N/A,N/A,N/A,N/A,N/A,N/A,N/A,N/A,N/A
2021-03-19,2021-03-26,16 to <18,3,4,0,0,7,N/A,N/A,N/A,N/A,N/A,N/A,N/A,N/A
2021-03-19,2021-03-26,18 to <50,104,1196,0,10,1310,N/A,N/A,N/A,N/A,N/A,N/A,N/A,N/A
2021-03-19,2021-03-26,50 to <65,53,542,0,3,598,N/A,N/A,N/A,N/A,N/A,N/A,N/A,N/A
2021-03-19,2021-03-26,65+,97,445,0,3,545,N/A,N/A,N/A,N/A,N/A,N/A,N/A,N/A
2021-03-19,2021-03-26,Unknown,4,21,0,45,70,N/A,N/A,N/A,N/A,N/A,N/A,N/A,N/A
2021-03-19,2021-03-26,Total,261,2208,0,61,2530,N/A,N/A,N/A,N/A,N/A,N/A,N/A,N/A
2021-03-26,2021-04-01,0 to <16,N/A,N/A,N/A,N/A,N/A,N/A,N/A,N/A,N/A,N/A,N/A,N/A,N/A
2021-03-26,2021-04-01,16 to <18,3,4,0,0,7,N/A,N/A,N/A,N/A,N/A,N/A,N/A,N/A
2021-03-26,2021-04-01,18 to <50,113,1329,0,12,1454,N/A,N/A,N/A,N/A,N/A,N/A,N/A,N/A
2021-03-26,2021-04-01,50 to <65,62,595,0,3,660,N/A,N/A,N/A,N/A,N/A,N/A,N/A,N/A
2021-03-26,2021-04-01,65+,124,510,0,4,638,N/A,N/A,N/A,N/A,N/A,N/A,N/A,N/A
2021-03-26,2021-04-01,Unknown,6,26,0,68,100,N/A,N/A,N/A,N/A,N/A,N/A,N/A,N/A
2021-03-26,2021-04-01,Total,308,2464,0,87,2859,N/A,N/A,N/A,N/A,N/A,N/A,N/A,N/A
2021-04-02,2021-04-09,0 to <16,N/A,N/A,N/A,N/A,N/A,N/A,N/A,N/A,N/A,N/A,N/A,N/A,N/A
2021-04-02,2021-04-09,16 to <18,3,4,0,0,7,N/A,N/A,N/A,N/A,N/A,N/A,N/A,N/A
2021-04-02,2021-04-09,18 to <50,125,1405,0,13,1543,N/A,N/A,N/A,N/A,N/A,N/A,N/A,N/A
2021-04-02,2021-04-09,50 to <65,75,631,0,3,709,N/A,N/A,N/A,N/A,N/A,N/A,N/A,N/A
2021-04-02,2021-04-09,65+,145,552,0,5,702,N/A,N/A,N/A,N/A,N/A,N/A,N/A,N/A
2021-04-02,2021-04-09,Unknown,7,29,0,92,128,N/A,N/A,N/A,N/A,N/A,N/A,N/A,N/A
2021-04-02,2021-04-09,Total,355,2621,0,113,3089,N/A,N/A,N/A,N/A,N/A,N/A,N/A,N/A
2021-04-09,2021-04-16,0 to <16,0,0,0,1,1,N/A,N/A,N/A,N/A,N/A,N/A,N/A,N/A
2021-04-09,2021-04-16,16 to <18,4,4,0,0,8,N/A,N/A,N/A,N/A,N/A,N/A,N/A,N/A
2021-04-09,2021-04-16,18 to <50,147,1519,0,13,1679,N/A,N/A,N/A,N/A,N/A,N/A,N/A,N/A
2021-04-09,2021-04-16,50 to <65,96,697,0,3,796,N/A,N/A,N/A,N/A,N/A,N/A,N/A,N/A
2021-04-09,2021-04-16,65+,180,640,0,7,827,N/A,N/A,N/A,N/A,N/A,N/A,N/A,N/A
2021-04-09,2021-04-16,Unknown,9,31,0,93,133,N/A,N/A,N/A,N/A,N/A,N/A,N/A,N/A
2021-04-09,2021-04-16,Total,436,2891,0,117,3444,N/A,N/A,N/A,N/A,N/A,N/A,N/A,N/A
2021-04-16,2021-04-23,0 to <16,0,0,0,1,1,N/A,N/A,N/A,N/A,N/A,N/A,N/A,N/A
2021-04-16,2021-04-23,16 to <18,4,4,0,0,8,N/A,N/A,N/A,N/A,N/A,N/A,N/A,N/A
2021-04-16,2021-04-23,18 to <50,158,1591,0,14,1763,N/A,N/A,N/A,N/A,N/A,N/A,N/A,N/A
2021-04-16,2021-04-23,50 to <65,119,763,0,3,885,N/A,N/A,N/A,N/A,N/A,N/A,N/A,N/A
2021-04-16,2021-04-23,65+,208,727,0,8,943,N/A,N/A,N/A,N/A,N/A,N/A,N/A,N/A
2021-04-16,2021-04-23,Unknown,9,34,0,95,138,N/A,N/A,N/A,N/A,N/A,N/A,N/A,N/A
2021-04-16,2021-04-23,Total,498,3119,0,121,3738,N/A,N/A,N/A,N/A,N/A,N/A,N/A,N/A
2021-04-23,2021-04-30,0 to <16,0,0,0,1,1,N/A,N/A,N/A,N/A,N/A,N/A,N/A,N/A
2021-04-23,2021-04-30,16 to <18,4,4,0,0,8,N/A,N/A,N/A,N/A,N/A,N/A,N/A,N/A
2021-04-23,2021-04-30,18 to <50,168,1686,1,14,1869,N/A,N/A,N/A,N/A,N/A,N/A,N/A,N/A
2021-04-23,2021-04-30,50 to <65,141,850,1,4,996,N/A,N/A,N/A,N/A,N/A,N/A,N/A,N/A
2021-04-23,2021-04-30,65+,254,835,0,11,1100,N/A,N/A,N/A,N/A,N/A,N/A,N/A,N/A
2021-04-23,2021-04-30,Unknown,14,41,0,99,154,N/A,N/A,N/A,N/A,N/A,N/A,N/A,N/A
2021-04-23,2021-04-30,Total,581,3416,2,129,4128,N/A,N/A,N/A,N/A,N/A,N/A,N/A,N/A
2021-04-30,2021-05-07,0 to <16,0,0,0,0,0,N/A,N/A,N/A,N/A,N/A,N/A,N/A,N/A
2021-04-30,2021-05-07,16 to <18,4,4,0,0,8,N/A,N/A,N/A,N/A,N/A,N/A,N/A,N/A
2021-04-30,2021-05-07,18 to <50,164,1608,1,11,1784,N/A,N/A,N/A,N/A,N/A,N/A,N/A,N/A
2021-04-30,2021-05-07,50 to <65,150,822,1,6,979,N/A,N/A,N/A,N/A,N/A,N/A,N/A,N/A
2021-04-30,2021-05-07,65+,223,815,0,10,1048,N/A,N/A,N/A,N/A,N/A,N/A,N/A,N/A
2021-04-30,2021-05-07,Unknown,2,9,0,29,40,N/A,N/A,N/A,N/A,N/A,N/A,N/A,N/A
2021-04-30,2021-05-07,Total,543,3258,2,56,3859,N/A,N/A,N/A,N/A,N/A,N/A,N/A,N/A
2021-04-30,2021-05-07,0 to 17 ,4,4,0,1,9,22934,9589,13274,22863,48.44,41.71,30.13,34.99
2021-04-30,2021-05-07,18 to 29 ,46,334,0,2,382,812411,269921,539632,809553,63.50,17.04,61.89,46.94
2021-04-30,2021-05-07,30 to 39 ,60,680,1,8,749,1012909,363444,646773,1010217,103.44,16.51,105.14,73.25
2021-04-30,2021-05-07,40 to 49 ,77,746,0,4,827,1557950,641384,913998,1555382,79.00,12.01,81.62,52.91
2021-04-30,2021-05-07,50 to 59 ,103,656,0,8,767,2367779,1066258,1298764,2365022,42.04,9.66,50.51,32.09
2021-04-30,2021-05-07,60 to 69 ,140,445,1,3,589,3474901,1642284,1803222,3445506,20.27,8.52,24.68,16.98
2021-04-30,2021-05-07,70 to 79 ,121,319,0,4,444,2771542,1303996,1465736,2769732,17.52,9.28,21.76,15.89
2021-04-30,2021-05-07,80+,121,469,0,6,596,1760294,695265,1061602,1756867,40.68,17.40,44.18,33.58
2021-04-30,2021-05-07,Unknown ,19,56,0,110,185,N/A,N/A,N/A,N/A,N/A,N/A,N/A,N/A
2021-04-30,2021-05-07,Total,691,3709,2,146,4548,13815592,5992141,7743001,13735142,40.82,11.53,47.90,32.03
2021-05-07,2021-05-14,0 to 17 ,4,4,0,1,9,37570,16752,20739,37491,23.96,23.88,19.29,21.34
2021-05-07,2021-05-14,18 to 29 ,51,351,0,2,404,1103759,397159,703074,1100233,36.60,12.84,49.92,36.54
2021-05-07,2021-05-14,30 to 39 ,69,702,2,14,787,1392460,539639,849566,1389205,56.52,12.79,82.63,55.50
2021-05-07,2021-05-14,40 to 49 ,87,798,0,10,895,2019780,862964,1153790,2016754,44.31,10.08,69.16,43.88
2021-05-07,2021-05-14,50 to 59 ,127,710,0,16,853,2960492,1351937,1605395,2957332,28.81,9.39,44.23,28.30
2021-05-07,2021-05-14,60 to 69 ,174,513,2,10,699,3816472,1811971,2001922,3813893,18.32,9.60,25.63,18.01
2021-05-07,2021-05-14,70 to 79 ,136,376,0,10,522,2845785,1340480,1503461,2843941,18.34,10.15,25.01,18.00
2021-05-07,2021-05-14,80+,131,488,0,8,627,1812381,713748,1095179,1808927,34.60,18.35,44.56,34.22
2021-05-07,2021-05-14,Unknown ,30,67,0,122,219,N/A,N/A,N/A,N/A,N/A,N/A,N/A,N/A
2021-05-07,2021-05-14,Total,809,4009,4,193,5015,16023656,7034650,8933126,15967776,31.30,11.50,44.88,30.17
2021-05-14,2021-05-21,0 to 17 ,4,4,0,1,9,89647,42061,47471,89532,10.04,9.51,8.43,8.94
2021-05-14,2021-05-21,18 to 29 ,53,363,0,3,419,1601978,641477,956102,1597579,26.16,8.26,37.97,26.04
2021-05-14,2021-05-21,30 to 39 ,73,744,2,8,827,1979803,842703,1133274,1975977,41.77,8.66,65.65,41.35
2021-05-14,2021-05-21,40 to 49 ,96,858,0,6,960,2556205,1132548,1420298,2552846,37.56,8.48,60.41,37.37
2021-05-14,2021-05-21,50 to 59 ,146,813,0,16,975,3516611,1627819,1885329,3513148,27.73,8.97,43.12,27.30
2021-05-14,2021-05-21,60 to 69 ,205,606,2,8,821,4030920,1919827,2108389,4028216,20.37,10.68,28.74,20.13
2021-05-14,2021-05-21,70 to 79 ,154,437,0,4,595,2901060,1367027,1532158,2899185,20.51,11.27,28.52,20.39
2021-05-14,2021-05-21,80+,143,505,0,9,657,1841654,723709,1114421,1838130,35.67,19.76,45.32,35.25
2021-05-14,2021-05-21,Unknown ,33,85,0,107,225,N/A,N/A,N/A,N/A,N/A,N/A,N/A,N/A
2021-05-14,2021-05-21,Total,907,4415,4,162,5488,18517878,8297171,10197442,18494613,29.64,10.93,43.30,28.78
2021-05-21,2021-05-28,0 to 17 ,4,5,0,1,10,201507,95876,105273,201149,4.96,4.17,4.75,4.47
2021-05-21,2021-05-28,18 to 29 ,58,383,0,3,444,2164283,812428,1084774,1180650,20.51,7.14,35.31,37.35
2021-05-21,2021-05-28,30 to 39 ,85,782,2,8,877,2537630,1134293,1398889,2533182,34.56,7.49,55.90,34.23
2021-05-21,2021-05-28,40 to 49 ,120,927,0,9,1056,3062972,1390122,1669134,3059256,34.48,8.63,55.54,34.22
2021-05-21,2021-05-28,50 to 59 ,176,877,0,16,1069,3868505,1805301,2059451,3864752,27.63,9.75,42.58,27.25
2021-05-21,2021-05-28,60 to 69 ,237,676,2,9,924,4147871,1977969,2167081,4145050,22.28,11.98,31.19,22.03
2021-05-21,2021-05-28,70 to 79 ,166,481,0,6,653,2949947,1389088,1558944,2948032,22.14,11.95,30.85,21.95
2021-05-21,2021-05-28,80+,152,525,0,9,686,1898018,742964,1151419,1894383,36.14,20.46,45.60,35.74
2021-05-21,2021-05-28,Unknown ,48,111,0,111,270,N/A,N/A,N/A,N/A,N/A,N/A,N/A,N/A
2021-05-21,2021-05-28,Total,1046,4767,4,172,5989,20830733,9348041,11194965,19826454,28.75,11.19,42.58,29.32
2021-05-28,2021-06-04,0 to 17 ,4,5,0,1,10,563860,276393,286901,563294,1.77,1.45,1.74,1.60
2021-05-28,2021-06-04,18 to 29 ,62,418,0,3,483,2892319,1308628,1577061,2885689,16.70,4.74,26.50,16.63
2021-05-28,2021-06-04,30 to 39 ,89,819,2,8,918,3178745,1469099,1704621,3173720,28.88,6.06,48.05,28.61
2021-05-28,2021-06-04,40 to 49 ,132,985,0,11,1128,3478083,1600719,1873336,3474055,32.43,8.25,52.58,32.15
2021-05-28,2021-06-04,50 to 59 ,204,923,0,15,1142,4144563,1943933,2196630,4140563,27.55,10.49,42.02,27.22
2021-05-28,2021-06-04,60 to 69 ,259,716,3,11,989,4311265,2057202,2251126,4308328,22.94,12.59,31.81,22.63
2021-05-28,2021-06-04,70 to 79 ,180,506,0,5,691,3033830,1427654,1604226,3031880,22.78,12.61,31.54,22.63
2021-05-28,2021-06-04,80+,160,545,0,8,713,1970846,769532,1197582,1967114,36.18,20.79,45.51,35.84
2021-05-28,2021-06-04,Unknown ,58,160,0,116,334,N/A,N/A,N/A,N/A,N/A,N/A,N/A,N/A
2021-05-28,2021-06-04,Total,1148,5077,5,178,6408,23573511,10853160,12691483,23544643,27.18,10.58,40.00,26.44
2021-06-04,2021-06-11,0 to 17 ,5,14,0,1,20,961076,474773,485365,960138,2.08,1.05,2.88,1.98
2021-06-04,2021-06-11,18 to 29 ,71,447,0,4,522,3523142,1636404,1878904,3515308,14.82,4.34,23.79,14.74
2021-06-04,2021-06-11,30 to 39 ,101,858,2,8,969,3600857,1681439,1913184,3594623,26.91,6.01,44.85,26.68
2021-06-04,2021-06-11,40 to 49 ,152,1042,0,11,1205,3768309,1740989,2010323,3751312,31.98,8.73,51.83,31.83
2021-06-04,2021-06-11,50 to 59 ,217,985,1,17,1220,4389447,2061303,2316159,4377462,27.79,10.53,42.53,27.46
2021-06-04,2021-06-11,60 to 69 ,281,768,3,15,1067,4557474,2172264,2377579,4549843,23.41,12.94,32.30,23.06
2021-06-04,2021-06-11,70 to 79 ,196,537,0,7,740,3253236,1529828,1719791,3249619,22.75,12.81,31.22,22.56
2021-06-04,2021-06-11,80+,167,562,0,8,737,2163187,853306,1304939,2158245,34.07,19.57,43.07,33.78
2021-06-04,2021-06-11,Unknown ,72,187,0,125,384,N/A,N/A,N/A,N/A,N/A,N/A,N/A,N/A
2021-06-04,2021-06-11,Total,1262,5400,6,196,6864,26216728,12150306,14006244,26156550,26.18,10.39,38.55,25.47
2021-06-11,2021-06-18,0 to 11,0,1,0,1,2,N/A,N/A,N/A,N/A,N/A,N/A,N/A,N/A
2021-06-11,2021-06-18,12 to 17,12,16,0,0,28,1301078,647950,651707,1299657,2.15,1.85,2.46,2.15
2021-06-11,2021-06-18,18 to 29 ,83,481,0,4,568,3921727,1834212,2078902,3913114,14.48,4.53,23.14,14.41
2021-06-11,2021-06-18,30 to 39 ,123,907,3,8,1041,3902316,1823704,2072589,3896293,26.68,6.74,43.76,26.44
2021-06-11,2021-06-18,40 to 49 ,176,1113,0,12,1301,4031323,1863625,2163075,4026700,32.27,9.44,51.45,32.01
2021-06-11,2021-06-18,50 to 59 ,242,1049,1,18,1310,4708491,2212581,2491376,4703957,27.82,10.94,42.11,27.44
2021-06-11,2021-06-18,60 to 69 ,313,827,3,17,1160,5063099,2410885,2648856,5059741,22.91,12.98,31.22,22.53
2021-06-11,2021-06-18,70 to 79 ,225,556,0,8,789,3770039,1772607,1995108,3767715,20.93,12.69,27.87,20.73
2021-06-11,2021-06-18,80+,176,581,0,9,766,2412717,963683,1444328,2408011,31.75,18.26,40.23,31.44
2021-06-11,2021-06-18,Unknown ,81,213,0,149,443,N/A,N/A,N/A,N/A,N/A,N/A,N/A,N/A
2021-06-11,2021-06-18,Total,1431,5744,7,226,7408,29110790,13529247,15545941,29075188,25.45,10.58,36.95,24.68
2021-06-18,2021-06-25,0 to 11,0,1,0,1,2,N/A,N/A,N/A,N/A,N/A,N/A,N/A,N/A
2021-06-18,2021-06-25,12 to 17,17,19,0,0,36,1325871,661511,662664,1324175,2.72,2.57,2.87,2.72
2021-06-18,2021-06-25,18 to 29 ,106,511,0,4,621,4262376,1998021,2254876,4252897,14.57,5.31,22.66,14.51
2021-06-18,2021-06-25,30 to 39 ,144,956,3,9,1112,4214564,1970196,2237849,4208045,26.38,7.31,42.72,26.14
2021-06-18,2021-06-25,40 to 49 ,193,1176,0,12,1381,4385172,2030841,2349345,4380186,31.49,9.50,50.06,31.25
2021-06-18,2021-06-25,50 to 59 ,263,1120,1,18,1402,5201699,2450573,2746287,5196860,26.95,10.73,40.78,26.61
2021-06-18,2021-06-25,60 to 69 ,338,879,3,18,1238,5717121,2722884,2990535,5713419,21.65,12.41,29.39,21.30
2021-06-18,2021-06-25,70 to 79 ,246,613,0,10,869,4285336,2018070,2264699,4282769,20.28,12.19,27.07,20.06
2021-06-18,2021-06-25,80+,188,603,0,9,800,2604038,1047924,1551115,2599039,30.72,17.94,38.88,30.43
2021-06-18,2021-06-25,Unknown ,85,223,0,157,465,N/A,N/A,N/A,N/A,N/A,N/A,N/A,N/A
2021-06-18,2021-06-25,Total,1580,6101,7,238,7926,31996177,14900020,17057370,31957390,24.77,10.60,35.77,24.04
2021-06-25,2021-07-05,0 to 11,1,1,0,1,3,N/A,N/A,N/A,N/A,N/A,N/A,N/A,N/A
2021-06-25,2021-07-05,12 to 17,27,33,0,0,60,1325871,661511,662664,1324175,4.53,4.08,4.98,4.53
2021-06-25,2021-07-05,18 to 29 ,130,565,0,5,700,4262376,1998021,2254876,4252897,16.42,6.51,25.06,16.34
2021-06-25,2021-07-05,30 to 39 ,168,1039,3,10,1220,4214564,1970196,2237849,4208045,28.95,8.53,46.43,28.68
2021-06-25,2021-07-05,40 to 49 ,219,1277,0,12,1508,4385172,2030841,2349345,4380186,34.39,10.78,54.36,34.15
2021-06-25,2021-07-05,50 to 59 ,277,1207,1,20,1505,5201699,2450573,2746287,5196860,28.93,11.30,43.95,28.56
2021-06-25,2021-07-05,60 to 69 ,363,945,3,19,1330,5717121,2722884,2990535,5713419,23.26,13.33,31.60,22.89
2021-06-25,2021-07-05,70 to 79 ,270,657,0,10,937,4285336,2018070,2264699,4282769,21.87,13.38,29.01,21.64
2021-06-25,2021-07-05,80+,193,623,0,9,825,2604038,1047924,1551115,2599039,31.68,18.42,40.16,31.40
2021-06-25,2021-07-05,Unknown ,86,230,0,166,482,N/A,N/A,N/A,N/A,N/A,N/A,N/A,N/A
2021-06-25,2021-07-05,Total,1734,6577,7,252,8570,31996177,14900020,17057370,31957390,26.78,11.64,38.56,26.01
2021-07-02,2021-07-09,0 to 11,1,1,0,1,3,N/A,N/A,N/A,N/A,N/A,N/A,N/A,N/A
2021-07-02,2021-07-09,12 to 17,31,41,0,0,72,1657524,828862,826667,1655529,4.34,3.74,4.96,4.35
2021-07-02,2021-07-09,18 to 29 ,147,596,1,6,750,4662564,2190356,2461853,4652209,16.09,6.71,24.21,15.97
2021-07-02,2021-07-09,30 to 39 ,188,1088,3,11,1290,4618496,2166043,2445349,4611392,27.93,8.68,44.49,27.67
2021-07-02,2021-07-09,40 to 49 ,235,1342,0,12,1589,4858637,2261773,2591555,4853328,32.70,10.39,51.78,32.49
2021-07-02,2021-07-09,50 to 59 ,297,1257,1,20,1575,5807133,2749020,3052934,5801954,27.12,10.80,41.17,26.78
2021-07-02,2021-07-09,60 to 69 ,373,979,3,19,1374,6428601,3068027,3356588,6424615,21.37,12.16,29.17,21.04
2021-07-02,2021-07-09,70 to 79 ,284,681,0,11,976,4767026,2248618,2515674,4764292,20.47,12.63,27.07,20.25
2021-07-02,2021-07-09,80+,202,635,0,9,846,2766854,1118425,1643266,2761691,30.58,18.06,38.64,30.31
2021-07-02,2021-07-09,Unknown ,90,235,0,172,497,N/A,N/A,N/A,N/A,N/A,N/A,N/A,N/A
2021-07-02,2021-07-09,Total,1848,6855,8,261,8972,35566835,16631124,18893886,35525010,25.23,11.11,36.28,24.50
2021-07-09,2021-07-16,0 to 11,N/A,N/A,N/A,N/A,N/A,N/A,N/A,N/A,N/A,N/A,N/A,N/A,N/A
2021-07-09,2021-07-16,12 to 17,40,57,0,1,98,1842309,921476,918658,1840134,5.32,4.34,6.20,5.27
2021-07-09,2021-07-16,18 to 29 ,172,643,2,7,824,5223515,2464792,2747168,5211960,15.77,6.98,23.41,15.64
2021-07-09,2021-07-16,30 to 39 ,213,1161,4,14,1392,5171652,2439266,2724646,5163912,26.92,8.73,42.61,26.61
2021-07-09,2021-07-16,40 to 49 ,253,1428,0,14,1695,5431297,2542540,2883090,5425630,31.21,9.95,49.53,30.98
2021-07-09,2021-07-16,50 to 59 ,332,1344,1,24,1701,6490868,3087353,3398067,6485420,26.21,10.75,39.55,25.84
2021-07-09,2021-07-16,60 to 69 ,412,1040,3,21,1476,7110692,3402131,3704344,7106475,20.76,12.11,28.08,20.43
2021-07-09,2021-07-16,70 to 79 ,311,720,0,11,1042,5097251,2407785,2686621,5094406,20.44,12.92,26.80,20.24
2021-07-09,2021-07-16,80+,210,651,0,10,871,2876736,1165786,1705674,2871460,30.28,18.01,38.17,29.98
2021-07-09,2021-07-16,Unknown ,94,246,0,176,516,N/A,N/A,N/A,N/A,N/A,N/A,N/A,N/A
2021-07-09,2021-07-16,Total,2037,7290,10,278,9615,39244320,18431129,20768268,39199397,24.50,11.05,35.10,23.79
2021-07-16,2021-07-23,0 to 11,N/A,N/A,N/A,N/A,N/A,N/A,N/A,N/A,N/A,N/A,N/A,N/A,N/A
2021-07-16,2021-07-23,12 to 17,50,65,0,2,117,2058058,1029389,1026225,3087447,5.68,4.86,6.33,3.72
2021-07-16,2021-07-23,18 to 29,206,683,2,11,902,5805372,2759534,3033250,8564906,15.54,7.47,22.52,10.38
2021-07-16,2021-07-23,30 to 39,234,1215,4,14,1467,5735441,2727138,2999966,8462579,25.58,8.58,40.50,17.12
2021-07-16,2021-07-23,40 to 49,276,1501,1,15,1793,6010632,2834896,3169752,8845528,29.83,9.74,47.35,20.09
2021-07-16,2021-07-23,50 to 59,363,1412,1,24,1800,7127795,3408960,3713117,10536755,25.25,10.65,38.03,16.85
2021-07-16,2021-07-23,60 to 69,444,1094,3,21,1562,7598436,3646447,3947605,11244883,20.56,12.18,27.71,13.68
2021-07-16,2021-07-23,70 to 79,330,750,0,12,1092,5286772,2499479,2784375,7786251,20.66,13.20,26.94,13.87
2021-07-16,2021-07-23,80+,217,669,1,10,897,2955399,1199519,1750467,4154918,30.35,18.09,38.22,21.32
2021-07-16,2021-07-23,Unknown,102,262,0,173,537,N/A,N/A,N/A,N/A,N/A,N/A,N/A,N/A
2021-07-16,2021-07-23,Total,2222,7651,12,282,10167,42577905,20105362,22424757,62683267,23.88,11.05,34.12,15.75
2021-07-23,2021-07-30,0 to 11,N/A,N/A,N/A,N/A,N/A,N/A,N/A,N/A,N/A,N/A,N/A,N/A,N/A
2021-07-23,2021-07-30,12 to 17,60,79,0,3,142,2339448,1169664,1166979,2336643,6.07,5.13,6.77,5.95
2021-07-23,2021-07-30,18 to 29 ,247,744,3,11,1005,6379526,3057997,3307941,6365938,15.75,8.08,22.49,15.57
2021-07-23,2021-07-30,30 to 39 ,253,1278,4,14,1549,6255442,2996440,3250249,6246689,24.76,8.44,39.32,24.51
2021-07-23,2021-07-30,40 to 49 ,304,1582,1,17,1904,6483099,3076964,3399905,6476869,29.37,9.88,46.53,29.12
2021-07-23,2021-07-30,50 to 59 ,390,1482,1,27,1900,7567675,3637241,3924517,7561758,25.11,10.72,37.76,24.76
2021-07-23,2021-07-30,60 to 69 ,471,1160,3,26,1660,7871896,3786391,4081001,7867392,21.09,12.44,28.42,20.73
2021-07-23,2021-07-30,70 to 79 ,353,797,0,13,1163,5396141,2551069,2842090,5393159,21.55,13.84,28.04,21.32
2021-07-23,2021-07-30,80+,220,681,1,11,913,3003457,1219852,1778068,2997920,30.40,18.03,38.30,30.05
2021-07-23,2021-07-30,Unknown ,107,273,0,181,561,N/A,N/A,N/A,N/A,N/A,N/A,N/A,N/A
2021-07-23,2021-07-30,Total,2405,8076,13,303,10797,45296684,21495618,23750750,45246368,23.84,11.19,34.00,23.16
2021-07-30,2021-08-06,0 to 11,N/A,N/A,N/A,N/A,N/A,N/A,N/A,N/A,N/A,N/A,N/A,N/A,N/A
2021-07-30,2021-08-06,12 to 17,74,89,0,3,166,2111534,1057864,1050770,2108634,7.86,7.00,8.47,7.73
2021-07-30,2021-08-06,18 to 29,299,791,3,11,1104,6891058,3324579,3552170,6876749,16.02,8.99,22.27,15.85
2021-07-30,2021-08-06,30 to 39,291,1343,4,15,1653,6707167,3229677,3468351,6698028,24.65,9.01,38.72,24.40
2021-07-30,2021-08-06,40 to 49,333,1668,2,19,2022,6880884,3280365,3594057,6874422,29.39,10.15,46.41,29.11
2021-07-30,2021-08-06,50 to 59,433,1571,1,27,2032,7896114,3807053,4082991,7890044,25.73,11.37,38.48,25.40
2021-07-30,2021-08-06,60 to 69,499,1230,3,27,1759,8071765,3888994,4178157,8067151,21.79,12.83,29.44,21.43
2021-07-30,2021-08-06,70 to 79,374,834,0,14,1222,5492227,2597076,2892130,5489206,22.25,14.40,28.84,22.01
2021-07-30,2021-08-06,80+,227,698,1,12,938,3038087,1234160,1798280,3032440,30.87,18.39,38.81,30.50
2021-07-30,2021-08-06,Unknown,109,282,0,184,575,N/A,N/A,N/A,N/A,N/A,N/A,N/A,N/A
2021-07-30,2021-08-06,Total,2639,8506,14,312,11471,47088836,22419768,24616906,47036674,24.36,11.77,34.55,23.69
2021-08-06,2021-08-13,0 to 11,N/A,N/A,N/A,N/A,N/A,N/A,N/A,N/A,N/A,N/A,N/A,N/A,N/A
2021-08-06,2021-08-13,12 to 17,91,96,0,2,189,2932592,1470127,1459075,2929202,6.44,6.19,6.58,6.38
2021-08-06,2021-08-13,18 to 29,332,839,3,11,1185,7303809,3543185,3745719,7288904,16.22,9.37,22.40,16.07
2021-08-06,2021-08-13,30 to 39,309,1400,4,18,1731,7033240,3398209,3625679,7023888,24.61,9.09,38.61,24.33
2021-08-06,2021-08-13,40 to 49,349,1717,2,21,2089,7142061,3415910,3719581,7135491,29.25,10.22,46.16,28.95
2021-08-06,2021-08-13,50 to 59,460,1654,1,28,2143,8109266,3919751,4183340,8103091,26.43,11.74,39.54,26.09
2021-08-06,2021-08-13,60 to 69,522,1294,3,32,1851,8208420,3960384,4243364,8203748,22.55,13.18,30.49,22.14
2021-08-06,2021-08-13,70 to 79,393,865,0,16,1274,5556808,2628143,2925628,5553771,22.93,14.95,29.57,22.65
2021-08-06,2021-08-13,80+,230,719,1,13,963,3059104,1242957,1810460,3053417,31.48,18.50,39.71,31.08
2021-08-06,2021-08-13,Unknown,111,283,0,187,581,N/A,N/A,N/A,N/A,N/A,N/A,N/A,N/A
2021-08-06,2021-08-13,Total,2797,8867,14,328,12006,49345300,23578666,25712846,49291512,24.33,11.86,34.48,23.66
2021-08-13,2021-08-20,0 to 11,N/A,N/A,N/A,N/A,N/A,N/A,N/A,N/A,N/A,N/A,N/A,N/A,N/A
2021-08-13,2021-08-20,12 to 17,109,108,0,2,219,3109368,1560513,1545316,3105829,7.04,6.98,6.99,6.99
2021-08-13,2021-08-20,18 to 29,378,879,3,11,1271,7558004,3679954,3862694,7542648,16.82,10.27,22.76,16.67
2021-08-13,2021-08-20,30 to 39,328,1455,4,21,1808,7225397,3497688,3718161,7215849,25.02,9.38,39.13,24.71
2021-08-13,2021-08-20,40 to 49,372,1788,2,20,2182,7292653,3494896,3791086,7285982,29.92,10.64,47.16,29.65
2021-08-13,2021-08-20,50 to 59,499,1763,1,31,2294,8237715,3988703,4242752,8231455,27.85,12.51,41.55,27.48
2021-08-13,2021-08-20,60 to 69,559,1383,3,37,1982,8294691,4006305,4283674,8289979,23.89,13.95,32.29,23.43
2021-08-13,2021-08-20,70 to 79,408,912,0,16,1336,5593664,2646066,2944553,5590619,23.88,15.42,30.97,23.61
2021-08-13,2021-08-20,80+,239,742,1,15,997,3071891,1248130,1818038,3066168,32.46,19.15,40.81,31.99
2021-08-13,2021-08-20,Unknown,112,291,0,188,591,N/A,N/A,N/A,N/A,N/A,N/A,N/A,N/A
2021-08-13,2021-08-20,Total,3004,9321,14,341,12680,50383383,24122255,26206274,50328529,25.17,12.45,35.57,24.49
2021-08-20,2021-08-27,0 to 11,N/A,N/A,N/A,N/A,N/A,N/A,N/A,N/A,N/A,N/A,N/A,N/A,N/A
2021-08-20,2021-08-27,12 to 17,130,127,0,2,259,3274906,1645858,1625352,3271210,7.91,7.90,7.81,7.86
2021-08-20,2021-08-27,18 to 29,409,929,4,12,1354,7792191,3808465,3968085,7776550,17.38,10.74,23.41,17.21
2021-08-20,2021-08-27,30 to 39,353,1521,4,22,1900,7401690,3589514,3802497,7392011,25.67,9.83,40.00,25.35
2021-08-20,2021-08-27,40 to 49,400,1879,2,23,2304,7429343,3567390,3855210,7422600,31.01,11.21,48.74,30.70
2021-08-20,2021-08-27,50 to 59,536,1876,2,32,2446,8352756,4051606,4294831,8346437,29.28,13.23,43.68,28.90
2021-08-20,2021-08-27,60 to 69,602,1497,4,41,2144,8369262,4046071,4318461,8364532,25.62,14.88,34.67,25.09
2021-08-20,2021-08-27,70 to 79,425,960,0,21,1406,5621090,2659479,2958553,5618032,25.01,15.98,32.45,24.65
2021-08-20,2021-08-27,80+,245,766,1,16,1028,3082707,1252542,1824392,3076934,33.35,19.56,41.99,32.86
2021-08-20,2021-08-27,Unknown,115,299,0,190,604,N/A,N/A,N/A,N/A,N/A,N/A,N/A,N/A
2021-08-20,2021-08-27,Total,3215,9854,17,359,13445,51323945,24620925,26647381,51268306,26.20,13.06,36.98,25.49
2021-08-27,2021-09-03,0 to 11,N/A,N/A,N/A,N/A,N/A,N/A,N/A,N/A,N/A,N/A,N/A,N/A,N/A
2021-08-27,2021-09-03,12 to 17,143,134,0,2,279,3433089,1727885,1701403,3429288,8.13,8.28,7.88,8.08
2021-08-27,2021-09-03,18 to 29,439,975,4,13,1431,8002517,3924831,4061726,7986557,17.88,11.19,24.00,17.70
2021-08-27,2021-09-03,30 to 39,371,1587,4,25,1987,7558410,3673712,3874888,7548600,26.29,10.10,40.96,25.94
2021-08-27,2021-09-03,40 to 49,424,1971,2,27,2424,7550079,3633061,3910194,7543255,32.11,11.67,50.41,31.75
2021-08-27,2021-09-03,50 to 59,576,1975,2,35,2588,8452781,4107349,4339049,8446398,30.62,14.02,45.52,30.20
2021-08-27,2021-09-03,60 to 69,626,1579,4,49,2258,8434726,4081400,4348557,8429957,26.77,15.34,36.31,26.16
2021-08-27,2021-09-03,70 to 79,450,1003,0,21,1474,5645181,2671311,2970804,5642115,26.11,16.85,33.76,25.75
2021-08-27,2021-09-03,80+,250,777,1,15,1043,3092396,1256452,1830118,3086570,33.73,19.90,42.46,33.27
2021-08-27,2021-09-03,Unknown,118,305,0,194,617,N/A,N/A,N/A,N/A,N/A,N/A,N/A,N/A
2021-08-27,2021-09-03,Total,3397,10306,17,381,14101,52169179,25076001,27036739,52112740,27.03,13.55,38.12,26.29
2021-09-03,2021-09-10,0 to 11,N/A,N/A,N/A,N/A,N/A,N/A,N/A,N/A,N/A,N/A,N/A,N/A,N/A
2021-09-03,2021-09-10,12 to 17,162,141,0,2,305,3553954,1791056,1759013,3550069,8.58,9.04,8.02,8.54
2021-09-03,2021-09-10,18 to 29,466,1020,3,13,1502,8189369,4026914,4146211,8173125,18.34,11.57,24.60,18.18
2021-09-03,2021-09-10,30 to 39,393,1653,4,25,2075,7696266,3745163,3941184,7686347,26.96,10.49,41.94,26.62
2021-09-03,2021-09-10,40 to 49,452,2048,2,28,2530,7655743,3689061,3959793,7648854,33.05,12.25,51.72,32.68
2021-09-03,2021-09-10,50 to 59,605,2073,3,35,2716,8539827,4154747,4378647,8533394,31.80,14.56,47.34,31.38
2021-09-03,2021-09-10,60 to 69,652,1662,4,51,2369,8487698,4109268,4373654,8482922,27.91,15.87,38.00,27.28
2021-09-03,2021-09-10,70 to 79,463,1034,0,22,1519,5665709,2681247,2981391,5662638,26.81,17.27,34.68,26.44
2021-09-03,2021-09-10,80+,257,782,1,16,1056,3101948,1260470,1835616,3096086,34.04,20.39,42.60,33.56
2021-09-03,2021-09-10,Unknown,122,311,0,197,630,N/A,N/A,N/A,N/A,N/A,N/A,N/A,N/A
2021-09-03,2021-09-10,Total,3572,10724,17,389,14702,52890514,25457926,27375509,52833435,27.80,14.03,39.17,27.06
2021-09-10,2021-09-17,0 to 11,N/A,N/A,N/A,N/A,N/A,N/A,N/A,N/A,N/A,N/A,N/A,N/A,N/A
2021-09-10,2021-09-17,12 to 17,187,159,0,2,348,3643148,1838109,1801078,3639187,9.55,10.17,8.83,9.51
2021-09-10,2021-09-17,18 to 29,495,1069,3,14,1581,8357579,4119608,4221343,8340951,18.92,12.02,25.32,18.75
2021-09-10,2021-09-17,30 to 39,413,1741,4,26,2184,7814731,3806975,3997767,7804742,27.95,10.85,43.55,27.60
2021-09-10,2021-09-17,40 to 49,487,2131,2,29,2649,7741940,3734988,4000016,7735004,34.22,13.04,53.27,33.85
2021-09-10,2021-09-17,50 to 59,634,2137,3,36,2810,8606409,4190470,4409483,8599953,32.65,15.13,48.46,32.22
2021-09-10,2021-09-17,60 to 69,672,1723,4,52,2451,8525250,4120961,4391393,8512354,28.75,16.31,39.24,28.14
2021-09-10,2021-09-17,70 to 79,477,1059,0,26,1562,5680848,2688474,2989294,5677768,27.50,17.74,35.43,27.05
2021-09-10,2021-09-17,80+,260,796,1,16,1073,3109069,1263372,1839808,3103180,34.51,20.58,43.27,34.03
2021-09-10,2021-09-17,Unknown,125,312,0,203,640,N/A,N/A,N/A,N/A,N/A,N/A,N/A,N/A
2021-09-10,2021-09-17,Total,3750,11127,17,404,15298,53478974,25762957,27650182,53413139,28.61,14.56,40.24,27.85
2021-09-17,2021-09-24,0 to 11,N/A,N/A,N/A,N/A,N/A,N/A,N/A,N/A,N/A,N/A,N/A,N/A,N/A
2021-09-17,2021-09-24,12 to 17,210,177,0,2,389,3718122,1877866,1836224,3714090,10.46,11.18,9.64,10.42
2021-09-17,2021-09-24,18 to 29,533,1142,3,17,1695,8572619,4251857,4303848,8555705,19.77,12.54,26.53,19.58
2021-09-17,2021-09-24,30 to 39,446,1835,4,29,2314,7982634,3910027,4062523,7972550,28.99,11.41,45.17,28.61
2021-09-17,2021-09-24,40 to 49,507,2271,2,33,2813,7855798,3803755,4045087,7848842,35.81,13.33,56.14,35.39
2021-09-17,2021-09-24,50 to 59,669,2252,3,40,2964,8684922,4237046,4441396,8678442,34.13,15.79,50.70,33.66
2021-09-17,2021-09-24,60 to 69,691,1801,4,55,2551,8563514,4149245,4409489,8558734,29.79,16.65,40.84,29.12
2021-09-17,2021-09-24,70 to 79,489,1103,1,27,1620,5696770,2696302,2997392,5693694,28.44,18.14,36.80,27.96
2021-09-17,2021-09-24,80+,270,810,1,17,1098,3118760,1267063,1845778,3112841,35.21,21.31,43.88,34.69
2021-09-17,2021-09-24,Unknown,125,321,0,200,646,N/A,N/A,N/A,N/A,N/A,N/A,N/A,N/A
2021-09-17,2021-09-24,Total,3940,11712,18,420,16090,54193139,26193161,27941737,54134898,29.69,15.04,41.92,28.91
2021-09-24,2021-10-01,0 to 11,N/A,N/A,N/A,N/A,N/A,N/A,N/A,N/A,N/A,N/A,N/A,N/A,N/A
2021-09-24,2021-10-01,12 to 17,228,187,0,4,419,3811648,1926599,1880960,3807559,10.99,11.83,9.94,10.90
2021-09-24,2021-10-01,18 to 29,573,1214,3,17,1807,8753976,4352161,4384559,8736720,20.64,13.17,27.69,20.45
2021-09-24,2021-10-01,30 to 39,475,1958,4,30,2467,8119931,3982360,4127374,8109734,30.38,11.93,47.44,30.00
2021-09-24,2021-10-01,40 to 49,540,2444,2,38,3024,7951772,3855276,4089530,7944806,38.03,14.01,59.76,37.56
2021-09-24,2021-10-01,50 to 59,695,2442,3,42,3182,8756180,4275595,4474100,8749695,36.34,16.26,54.58,35.85
2021-09-24,2021-10-01,60 to 69,723,1918,4,57,2702,8606011,4171628,4429628,8601256,31.40,17.33,43.30,30.70
2021-09-24,2021-10-01,70 to 79,504,1157,1,30,1692,5715021,2705271,3006687,5711958,29.61,18.63,38.48,29.08
2021-09-24,2021-10-01,80+,278,827,1,17,1123,3129303,1271294,1852091,3123385,35.89,21.87,44.65,35.38
2021-09-24,2021-10-01,Unknown,130,328,0,205,663,N/A,N/A,N/A,N/A,N/A,N/A,N/A,N/A
2021-09-24,2021-10-01,Total,4146,12475,18,440,17079,54843842,26540184,28244929,54785113,31.14,15.62,44.17,30.34
2021-10-01,2021-10-08,0 to 11,N/A,N/A,N/A,N/A,N/A,N/A,N/A,N/A,N/A,N/A,N/A,N/A,N/A
2021-10-01,2021-10-08,12 to 17,239,211,1,4,451,3865776,1955121,1906520,3861641,11.67,12.22,11.07,11.65
2021-10-01,2021-10-08,18 to 29,608,1283,4,18,1913,8934541,4454553,4462525,8917078,21.41,13.65,28.75,21.21
2021-10-01,2021-10-08,30 to 39,508,2097,4,33,2642,8249212,4051603,4187328,8238931,32.03,12.54,50.08,31.62
2021-10-01,2021-10-08,40 to 49,582,2612,4,42,3240,8041709,3904148,4130511,8034659,40.29,14.91,63.24,39.75
2021-10-01,2021-10-08,50 to 59,723,2575,3,49,3350,8824958,4313066,4505350,8818416,37.96,16.76,57.15,37.40
2021-10-01,2021-10-08,60 to 69,753,1998,4,59,2814,8653187,4196142,4452199,8648341,32.52,17.95,44.88,31.81
2021-10-01,2021-10-08,70 to 79,513,1191,1,33,1738,5745201,2719655,3022311,5741966,30.25,18.86,39.41,29.68
2021-10-01,2021-10-08,80+,281,843,1,19,1144,3180494,1285998,1888058,3174056,35.97,21.85,44.65,35.41
2021-10-01,2021-10-08,Unknown,134,338,0,214,686,N/A,N/A,N/A,N/A,N/A,N/A,N/A,N/A
2021-10-01,2021-10-08,Total,4341,13148,22,471,17982,55495078,26880286,28554802,55435088,32.40,16.15,46.04,31.55
2021-10-08,2021-10-18,0 to 11,N/A,N/A,N/A,N/A,N/A,N/A,N/A,N/A,N/A,N/A,N/A,N/A,N/A
2021-10-08,2021-10-18,12 to 17,272,226,1,5,504,3930815,1989239,1937394,3926633,12.82,13.67,11.67,12.68
2021-10-08,2021-10-18,18 to 29,675,1367,4,18,2064,9089557,4542043,4529866,9071909,22.71,14.86,30.18,22.51
2021-10-08,2021-10-18,30 to 39,564,2185,5,38,2792,8363152,4111901,4240877,8352778,33.38,13.72,51.52,32.91
2021-10-08,2021-10-18,40 to 49,636,2759,5,47,3447,8120900,3947042,4166771,8113813,42.45,16.11,66.21,41.84
2021-10-08,2021-10-18,50 to 59,769,2745,3,54,3571,8884694,4345155,4532972,8878127,40.19,17.70,60.56,39.58
2021-10-08,2021-10-18,60 to 69,787,2094,4,63,2948,8690834,4215680,4470282,8685962,33.92,18.67,46.84,33.17
2021-10-08,2021-10-18,70 to 79,541,1246,2,35,1824,5764949,2729191,3032515,5761706,31.64,19.82,41.09,31.02
2021-10-08,2021-10-18,80+,285,853,1,21,1160,3196874,1291702,1898703,3190405,36.29,22.06,44.93,35.67
2021-10-08,2021-10-18,Unknown,139,348,0,217,704,N/A,N/A,N/A,N/A,N/A,N/A,N/A,N/A
2021-10-08,2021-10-18,Total,4668,13823,25,498,19014,56041775,27171953,28809380,55981333,33.93,17.18,47.98,33.03
2021-10-15,2021-10-22,0 to 11,N/A,N/A,N/A,N/A,N/A,N/A,N/A,N/A,N/A,N/A,N/A,N/A,N/A
2021-10-15,2021-10-22,12 to 17,293,244,1,5,543,3989878,2019921,1965745,3985666,13.61,14.51,12.41,13.47
2021-10-15,2021-10-22,18 to 29,713,1469,5,22,2209,9227960,4619358,4590785,9210143,23.94,15.44,32.00,23.69
2021-10-15,2021-10-22,30 to 39,597,2323,6,42,2968,8470295,4168271,4291560,8459831,35.04,14.32,54.13,34.52
2021-10-15,2021-10-22,40 to 49,673,2902,5,50,3630,8197091,3987859,4202118,8189977,44.28,16.88,69.06,43.65
2021-10-15,2021-10-22,50 to 59,802,2883,3,56,3744,8944806,4376743,4561473,8938216,41.86,18.32,63.20,41.23
2021-10-15,2021-10-22,60 to 69,812,2201,4,65,3082,8730964,4236213,4489853,8726066,35.30,19.17,49.02,34.53
2021-10-15,2021-10-22,70 to 79,556,1305,2,38,1901,5786470,2739777,3043452,5783229,32.85,20.29,42.88,32.18
2021-10-15,2021-10-22,80+,293,871,1,21,1186,3214217,1298145,1909562,3207707,36.90,22.57,45.61,36.29
2021-10-15,2021-10-22,Unknown,142,356,0,223,721,N/A,N/A,N/A,N/A,N/A,N/A,N/A,N/A
2021-10-15,2021-10-22,Total,4881,14554,27,522,19984,56561681,27446287,29054548,56500835,35.33,17.78,50.09,34.40
2021-10-22,2021-10-29,0 to 11,0,0,0,0,0,N/A,N/A,N/A,N/A,N/A,N/A,N/A,N/A
2021-10-22,2021-10-29,12 to 17,296,258,1,5,570,4041627,2046944,1990436,4037380,14.10,14.46,12.96,13.72
2021-10-22,2021-10-29,18 to 29,748,1544,5,22,2319,9354136,4689935,4644216,9334151,24.79,15.95,33.25,24.55
2021-10-22,2021-10-29,30 to 39,630,2422,6,43,3101,8570150,4220784,4338836,8559620,36.18,14.93,55.82,35.66
2021-10-22,2021-10-29,40 to 49,702,3045,5,53,3805,8268774,4025637,4235978,8261615,46.02,17.44,71.88,45.35
2021-10-22,2021-10-29,50 to 59,832,3002,3,63,3900,9002833,4406333,4589863,8996196,43.32,18.88,65.41,42.62
2021-10-22,2021-10-29,60 to 69,848,2295,4,66,3213,8772062,4256084,4511082,8767166,36.63,19.92,50.87,35.85
2021-10-22,2021-10-29,70 to 79,572,1355,2,42,1971,5811288,2751557,3056479,5808036,33.92,20.79,44.33,33.18
2021-10-22,2021-10-29,80+,297,884,1,23,1205,3231234,1304949,1919737,3224686,37.29,22.76,46.05,36.62
2021-10-22,2021-10-29,Unknown,144,363,1,226,734,N/A,N/A,N/A,N/A,N/A,N/A,N/A,N/A
2021-10-22,2021-10-29,Total,5079,15168,28,543,20818,57238436,27757131,29340577,57097708,36.37,18.30,51.70,35.46
2021-10-29,2021-11-05,0 to 11,0,0,0,0,0,N/A,N/A,N/A,N/A,N/A,N/A,N/A,N/A
2021-10-29,2021-11-05,12 to 17,332,292,1,8,633,4093321,2073674,2015368,4089042,15.46,16.01,14.49,15.26
2021-10-29,2021-11-05,18 to 29,809,1662,6,30,2507,9475786,4758451,4699205,9457656,26.46,17.00,35.37,26.13
2021-10-29,2021-11-05,30 to 39,692,2620,6,52,3370,8670050,4274467,4384984,8659451,38.87,16.19,59.75,38.25
2021-10-29,2021-11-05,40 to 49,757,3273,6,60,4096,8339329,4063714,4268412,8332126,49.12,18.63,76.68,48.37
2021-10-29,2021-11-05,50 to 59,876,3201,3,67,4147,9059300,4435669,4616956,9052625,45.78,19.75,69.33,45.04
2021-10-29,2021-11-05,60 to 69,890,2434,4,82,3410,8814396,4277175,4532305,8809480,38.69,20.81,53.70,37.73
2021-10-29,2021-11-05,70 to 79,594,1425,2,46,2067,5840510,2764951,3072300,5837251,35.39,21.48,46.38,34.59
2021-10-29,2021-11-05,80+,305,912,1,25,1243,3269776,1317696,1945495,3263191,38.01,23.15,46.88,37.29
2021-10-29,2021-11-05,Unknown,152,372,1,233,758,N/A,N/A,N/A,N/A,N/A,N/A,N/A,N/A
2021-10-29,2021-11-05,Total,5407,16191,30,603,22231,57751183,28021354,29587546,57608900,38.49,19.30,54.72,37.49
2021-11-05,2021-11-15,0 to 11,0,0,0,0,0,N/A,N/A,N/A,N/A,N/A,N/A,N/A,N/A
2021-11-05,2021-11-15,12 to 17,369,331,2,9,711,4124721,2090048,2030378,4120426,17.24,17.66,16.30,16.99
2021-11-05,2021-11-15,18 to 29,905,1802,9,37,2753,9557924,4805336,4734345,9539681,28.80,18.83,38.06,28.38
2021-11-05,2021-11-15,30 to 39,775,2813,7,57,3652,8736640,4309566,4416435,8726001,41.80,17.98,63.69,41.12
2021-11-05,2021-11-15,40 to 49,809,3477,7,74,4367,8387403,4088742,4291421,8380163,52.07,19.79,81.02,51.14
2021-11-05,2021-11-15,50 to 59,930,3389,5,76,4400,9100190,4456181,4637308,9093489,48.35,20.87,73.08,47.50
2021-11-05,2021-11-15,60 to 69,936,2562,4,92,3594,8846364,4292555,4548879,8841434,40.63,21.81,56.32,39.56
2021-11-05,2021-11-15,70 to 79,621,1477,2,50,2150,5869375,2777986,3088127,5866113,36.63,22.35,47.83,35.76
2021-11-05,2021-11-15,80+,313,951,1,27,1292,3319921,1333384,1979960,3313344,38.92,23.47,48.03,38.15
2021-11-05,2021-11-15,Unknown,148,361,1,247,757,N/A,N/A,N/A,N/A,N/A,N/A,N/A,N/A
2021-11-05,2021-11-15,Total,5806,17163,38,669,23676,58131534,28209540,29779500,57989040,40.73,20.58,57.63,39.61
2021-11-12,2021-11-19,0 to 11,0,0,0,0,0,N/A,N/A,N/A,N/A,N/A,N/A,N/A,N/A
2021-11-12,2021-11-19,12 to 17,415,331,4,10,711,4164954,2110887,2049879,4160766,17.07,19.66,16.15,17.93
2021-11-12,2021-11-19,18 to 29,1006,1949,14,45,3014,9657300,4860474,4770111,9630585,31.21,20.70,40.86,30.68
2021-11-12,2021-11-19,30 to 39,857,2991,10,69,3927,8824741,4355550,4458487,8814037,44.50,19.68,67.09,43.66
2021-11-12,2021-11-19,40 to 49,893,3699,15,84,4691,8450753,4121630,4321814,8443444,55.51,21.67,85.59,54.39
2021-11-12,2021-11-19,50 to 59,992,3576,9,88,4665,9153025,4482649,4663634,9146283,50.97,22.13,76.68,49.94
2021-11-12,2021-11-19,60 to 69,976,2698,7,98,3779,8887061,4311978,4570116,8882094,42.52,22.63,59.04,41.36
2021-11-12,2021-11-19,70 to 79,644,1537,2,56,2239,6110390,2897980,3209119,6107099,36.64,22.22,47.89,35.71
2021-11-12,2021-11-19,80+,321,975,1,29,1326,3410164,1366228,2037354,3403582,38.88,23.50,47.86,38.08
2021-11-12,2021-11-19,Unknown,147,362,1,256,766,N/A,N/A,N/A,N/A,N/A,N/A,N/A,N/A
2021-11-12,2021-11-19,Total,6251,18157,63,735,25206,58576603,28452429,30023222,58475651,43.03,21.97,60.48,41.74
2021-11-19,2021-11-26,0 to 11,N/A,N/A,N/A,N/A,N/A,N/A,N/A,N/A,N/A,N/A,N/A,N/A,N/A
2021-11-19,2021-11-26,12 to 17,451,406,5,13,875,4195691,2126719,2064667,4191386,20.85,21.21,19.66,20.45
2021-11-19,2021-11-26,18 to 29,1101,2090,14,62,3267,9735929,4901546,4815942,9717488,33.56,22.46,43.40,32.84
2021-11-19,2021-11-26,30 to 39,930,3186,11,94,4221,8977245,4471257,4495180,8966437,47.02,20.80,70.88,45.90
2021-11-19,2021-11-26,40 to 49,963,3928,17,103,5011,8505421,4147463,4350597,8498060,58.92,23.22,90.29,57.55
2021-11-19,2021-11-26,50 to 59,1052,3756,12,100,4920,9204807,4506097,4691910,9198007,53.45,23.35,80.05,52.27
2021-11-19,2021-11-26,60 to 69,1031,2818,9,109,3967,8934286,4333370,4595882,8929252,44.40,23.79,61.32,43.11
2021-11-19,2021-11-26,70 to 79,664,1594,2,61,2321,5976844,2826801,3146718,5973519,38.83,23.49,50.66,37.80
2021-11-19,2021-11-26,80+,338,1007,1,33,1379,3450106,1379580,2063919,3443499,39.97,24.50,48.79,39.06
2021-11-19,2021-11-26,Unknown,148,368,1,256,773,N/A,N/A,N/A,N/A,N/A,N/A,N/A,N/A
2021-11-19,2021-11-26,Total,6678,19153,72,831,26734,59165112,28748806,30277581,59026387,45.19,23.23,63.26,43.76
2021-11-26,2021-12-03,0 to 11,N/A,N/A,N/A,N/A,N/A,N/A,N/A,N/A,N/A,N/A,N/A,N/A,N/A
2021-11-26,2021-12-03,12 to 17,463,418,5,13,899,4223422,2141109,2078031,4219140,21.29,21.62,20.12,20.88
2021-11-26,2021-12-03,18 to 29,1160,2177,14,71,3422,9815312,4943180,4853570,9796750,34.86,23.47,44.85,34.06
2021-11-26,2021-12-03,30 to 39,997,3327,11,105,4440,8970042,4427786,4531338,8959124,49.50,22.52,73.42,48.26
2021-11-26,2021-12-03,40 to 49,1014,4066,19,106,5205,8561509,4174729,4379327,8554056,60.80,24.29,92.85,59.39
2021-11-26,2021-12-03,50 to 59,1082,3897,12,118,5109,9258712,4530573,4721275,9251848,55.18,23.88,82.54,53.82
2021-11-26,2021-12-03,60 to 69,1065,2889,9,111,4074,8988678,4358127,4625443,8983570,45.32,24.44,62.46,44.01
2021-11-26,2021-12-03,70 to 79,681,1633,3,64,2381,6060920,2865741,3191813,6057554,39.28,23.76,51.16,38.20
2021-11-26,2021-12-03,80+,346,1029,1,34,1410,3524272,1409825,2107742,3517567,40.01,24.54,48.82,39.09
2021-11-26,2021-12-03,Unknown,155,371,0,259,785,N/A,N/A,N/A,N/A,N/A,N/A,N/A,N/A
2021-11-26,2021-12-03,Total,6975,19815,74,883,27747,59593975,28906845,30541105,59447950,46.56,24.13,64.88,45.06
2021-12-03,2021-12-10,0 to 11,N/A,N/A,N/A,N/A,N/A,N/A,N/A,N/A,N/A,N/A,N/A,N/A,N/A
2021-12-03,2021-12-10,12 to 17,499,452,5,21,953,4248521,2154141,2090103,4244244,22.43,23.16,21.63,22.41
2021-12-03,2021-12-10,18 to 29,1218,2269,14,72,3573,9892879,4980835,4893372,9874207,36.12,24.45,46.37,35.31
2021-12-03,2021-12-10,30 to 39,1052,3485,11,115,4663,9050974,4464230,4575746,9039976,51.52,23.57,76.16,50.19
2021-12-03,2021-12-10,40 to 49,1065,4210,20,118,5413,8660040,4220334,4432184,8652518,62.51,25.23,94.99,60.96
2021-12-03,2021-12-10,50 to 59,1136,4038,12,127,5313,9364165,4578495,4778742,9357237,56.74,24.81,84.50,55.29
2021-12-03,2021-12-10,60 to 69,1106,2982,9,119,4216,9105064,4411999,4687900,9099899,46.30,25.07,63.61,44.92
2021-12-03,2021-12-10,70 to 79,692,1673,3,70,2438,6280440,2968578,3308441,6277019,38.82,23.31,50.57,37.68
2021-12-03,2021-12-10,80+,357,1047,1,34,1439,3698591,1482912,2208881,3691793,38.91,24.07,47.40,38.03
2021-12-03,2021-12-10,Unknown,158,370,0,265,793,N/A,N/A,N/A,N/A,N/A,N/A,N/A,N/A
2021-12-03,2021-12-10,Total,7283,20526,75,941,28825,60561628,29389012,31097573,60486585,47.60,24.78,66.01,45.98
2021-12-10,2021-12-17,0 to 4,N/A,N/A,N/A,N/A,N/A,N/A,N/A,N/A,N/A,N/A,N/A,N/A,N/A
2021-12-10,2021-12-17,5 to 11,17,12,0,3,32,656105,333604,321788,655392,N/A,N/A,N/A,N/A
2021-12-10,2021-12-17,12 to 17,502,462,5,20,989,4270668,2165662,2100726,4266388,23.16,23.18,21.99,22.60
2021-12-10,2021-12-17,18 to 29,1263,2350,14,87,3714,9950629,5010208,4921649,9931857,37.32,25.21,47.75,36.38
2021-12-10,2021-12-17,30 to 39,1093,3593,11,130,4827,9107666,4490569,4605997,9096566,53.00,24.34,78.01,51.51
2021-12-10,2021-12-17,40 to 49,1105,4367,20,134,5626,8710350,4243038,4459715,8702753,64.59,26.04,97.92,62.88
2021-12-10,2021-12-17,50 to 59,1173,4168,12,142,5495,9422350,4604073,4811234,9415307,58.32,25.48,86.63,56.73
2021-12-10,2021-12-17,60 to 69,1135,3079,10,132,4356,9190577,4451066,4734273,9185339,47.40,25.50,65.04,45.88
2021-12-10,2021-12-17,70 to 79,703,1725,3,74,2505,6482459,3063059,3415890,6478949,38.64,22.95,50.50,37.48
2021-12-10,2021-12-17,80+,358,1064,1,36,1459,3795370,1525292,2263140,3788432,38.44,23.47,47.01,37.54
2021-12-10,2021-12-17,Unknown,161,374,0,268,803,N/A,N/A,N/A,N/A,N/A,N/A,N/A,N/A
2021-12-10,2021-12-17,Total,7510,21194,76,1026,29806,61600006,29888162,31635812,61523974,48.39,25.13,66.99,46.65
2021-12-17,2021-12-24,0 to 4,N/A,N/A,N/A,N/A,N/A,N/A,N/A,N/A,N/A,N/A,N/A,N/A,N/A
2021-12-17,2021-12-24,5 to 11,32,23,0,5,60,991659,504754,485962,990716,6.05,N/A,N/A,N/A
2021-12-17,2021-12-24,12 to 17,516,471,5,25,1017,4290919,2176050,2110606,4286656,23.70,23.71,22.32,23.02
2021-12-17,2021-12-24,18 to 29,1314,2437,14,104,3869,10009738,5040179,4950669,9990848,38.65,26.07,49.23,37.54
2021-12-17,2021-12-24,30 to 39,1154,3710,11,150,5025,9165470,4517424,4636833,9154257,54.83,25.55,80.01,53.13
2021-12-17,2021-12-24,40 to 49,1158,4512,21,159,5850,8764294,4267676,4488938,8756614,66.75,27.13,100.51,64.75
2021-12-17,2021-12-24,50 to 59,1213,4305,13,168,5699,9506501,4642801,4856550,9499351,59.95,26.13,88.64,58.09
2021-12-17,2021-12-24,60 to 69,1170,3158,10,142,4480,9350462,4525417,4819746,9345163,47.91,25.85,65.52,46.31
2021-12-17,2021-12-24,70 to 79,718,1785,4,82,2589,6756348,3192399,3560341,6752740,38.32,22.49,50.14,37.07
2021-12-17,2021-12-24,80+,368,1085,1,38,1492,3918577,1580513,2331002,3911515,38.08,23.28,46.55,37.15
2021-12-17,2021-12-24,Unknown,164,380,0,275,819,N/A,N/A,N/A,N/A,N/A,N/A,N/A,N/A
2021-12-17,2021-12-24,Total,7807,21866,79,1148,30900,62767939,30449038,32242284,62691322,49.23,25.64,67.82,47.33
2021-12-31,2022-01-07,0 to 4,N/A,N/A,N/A,N/A,N/A,N/A,N/A,N/A,N/A,N/A,N/A,N/A,N/A
2021-12-31,2022-01-07,5 to 11,49,45,0,9,103,N/A,N/A,N/A,N/A,N/A,N/A,N/A,N/A
2021-12-31,2022-01-07,12 to 17,547,497,5,27,1076,4341239,2201509,2135431,4336940,24.79,24.85,23.27,24.07
2021-12-31,2022-01-07,18 to 29,1395,2600,15,112,4122,10329211,5178991,5130623,10309614,39.91,26.94,50.68,38.75
2021-12-31,2022-01-07,30 to 39,1247,3878,11,162,5298,9518416,4673355,4833302,9506657,55.66,26.68,80.24,53.91
2021-12-31,2022-01-07,40 to 49,1239,4733,21,167,6160,9147938,4437272,4702619,9139891,67.34,27.92,100.65,65.34
2021-12-31,2022-01-07,50 to 59,1280,4512,13,181,5986,10199424,4964544,5227241,10191785,58.69,25.78,86.32,56.83
2021-12-31,2022-01-07,60 to 69,1213,3289,10,149,4661,10253954,4953232,5294985,10248217,45.46,24.49,62.12,43.93
2021-12-31,2022-01-07,70 to 79,753,1866,4,98,2721,7435837,3519868,3912119,7431987,36.59,21.39,47.70,35.24
2021-12-31,2022-01-07,80+,385,1124,1,39,1549,4188265,1698184,2482836,4181020,36.98,22.67,45.27,36.09
2021-12-31,2022-01-07,Unknown,169,391,0,278,838,N/A,N/A,N/A,N/A,N/A,N/A,N/A,N/A
2021-12-31,2022-01-07,Total,8277,22935,80,1222,32514,66788094,32322296,34386481,66708777,48.68,25.61,66.70,46.79
2022-01-07,2022-01-14,0 to 4,N/A,N/A,N/A,N/A,N/A,N/A,N/A,N/A,N/A,N/A,N/A,N/A,N/A
2022-01-07,2022-01-14,5 to 11,56,50,0,10,116,1436247,732390,702665,1435055,8.08,7.65,7.12,7.39
2022-01-07,2022-01-14,12 to 17,563,516,5,29,1113,4357771,2209590,2143850,4353440,25.54,25.48,24.07,24.78
2022-01-07,2022-01-14,18 to 29,1441,2669,15,115,4240,10540704,5274070,5246539,10520609,40.23,27.32,50.87,39.07
2022-01-07,2022-01-14,30 to 39,1283,4024,13,165,5485,9734262,4772351,4949838,9722189,56.35,26.88,81.30,54.59
2022-01-07,2022-01-14,40 to 49,1283,4885,21,173,6362,9380069,4542709,4829122,9371831,67.82,28.24,101.16,65.81
2022-01-07,2022-01-14,50 to 59,1321,4651,13,191,6176,10485047,5097696,5379515,10477211,58.90,25.91,86.46,57.00
2022-01-07,2022-01-14,60 to 69,1243,3396,10,156,4805,10670524,5154035,5510601,10664636,45.03,24.12,61.63,43.50
2022-01-07,2022-01-14,70 to 79,769,1927,4,105,2805,7636250,3615307,4017019,7632326,36.73,21.27,47.97,35.32
2022-01-07,2022-01-14,80+,396,1153,1,40,1590,4268349,1733035,2527985,4261020,37.25,22.85,45.61,36.35
2022-01-07,2022-01-14,Unknown,136,276,0,283,695,N/A,N/A,N/A,N/A,N/A,N/A,N/A,N/A
2022-01-07,2022-01-14,Total,8491,23547,82,1267,33387,68523350,33133356,35309099,68442455,48.72,25.63,66.69,46.81
2022-01-14,2022-01-21,0 to 4,N/A,N/A,N/A,N/A,N/A,N/A,N/A,N/A,N/A,N/A,N/A,N/A,N/A
2022-01-14,2022-01-21,5 to 11,75,66,0,13,154,1550672,791131,758278,1549409,9.93,9.48,8.70,9.10
2022-01-14,2022-01-21,12 to 17,572,526,5,31,1134,4382896,2221761,2156788,4378549,25.87,25.75,24.39,25.08
2022-01-14,2022-01-21,18 to 29,1481,2741,15,127,4364,10842323,5408158,5413358,10821516,40.25,27.38,50.63,39.01
2022-01-14,2022-01-21,30 to 39,1320,4161,13,177,5671,10062713,4923366,5126832,10050198,56.36,26.81,81.16,54.54
2022-01-14,2022-01-21,40 to 49,1320,5026,22,186,6554,9741781,4709193,5024112,9733305,67.28,28.03,100.04,65.20
2022-01-14,2022-01-21,50 to 59,1369,4799,13,210,6391,10934393,5312799,5613525,10926324,58.45,25.77,85.49,56.45
2022-01-14,2022-01-21,60 to 69,1274,3488,10,168,4940,11209666,5415390,5788215,11203605,44.07,23.53,60.26,42.50
2022-01-14,2022-01-21,70 to 79,788,1987,4,117,2896,7881945,3732441,4145484,7877925,36.74,21.11,47.93,35.23
2022-01-14,2022-01-21,80+,407,1176,2,44,1629,4362721,1773552,2581777,4355329,37.34,22.95,45.55,36.35
2022-01-14,2022-01-21,Unknown,139,285,0,269,693,N/A,N/A,N/A,N/A,N/A,N/A,N/A,N/A
2022-01-14,2022-01-21,Total,8745,24255,84,1342,34426,71052567,34290378,36610787,70901165,48.45,25.50,66.25,46.54
2022-01-21,2022-01-28,0 to 4,N/A,N/A,N/A,N/A,N/A,N/A,N/A,N/A,N/A,N/A,N/A,N/A,N/A
2022-01-21,2022-01-28,5 to 11,87,85,0,13,184,1684749,859612,823751,1683363,10.92,10.12,10.32,10.22
2022-01-21,2022-01-28,12 to 17,577,536,5,33,1151,4408116,2234025,2169703,4403728,26.11,25.83,24.70,25.27
2022-01-21,2022-01-28,18 to 29,1503,2804,15,139,4461,11142964,5544807,5576764,11121571,40.03,27.11,50.28,38.73
2022-01-21,2022-01-28,30 to 39,1355,4252,13,189,5809,10413504,5089347,5311284,10400631,55.78,26.62,80.06,53.91
2022-01-21,2022-01-28,40 to 49,1351,5143,22,199,6715,10168695,4916383,5243620,10160003,66.04,27.48,98.08,63.92
2022-01-21,2022-01-28,50 to 59,1396,4905,13,214,6528,11427717,5555729,5863746,11419475,57.12,25.13,83.65,55.18
2022-01-21,2022-01-28,60 to 69,1312,3573,10,169,5064,11704526,5658291,6040007,11698298,43.27,23.19,59.16,41.76
2022-01-21,2022-01-28,70 to 79,799,2032,4,113,2948,8086255,3828898,4253231,8082129,36.46,20.87,47.78,35.03
2022-01-21,2022-01-28,80+,417,1194,2,39,1652,4453304,1810193,2635541,4445734,37.10,23.04,45.30,36.24
2022-01-21,2022-01-28,Unknown,138,286,0,274,698,N/A,N/A,N/A,N/A,N/A,N/A,N/A,N/A
2022-01-21,2022-01-28,Total,8935,24810,84,1382,35211,73573653,35500582,37920711,73421293,47.86,25.17,65.43,45.96
2022-01-28,2022-02-04,0 to 4,N/A,N/A,N/A,N/A,N/A,N/A,N/A,N/A,N/A,N/A,N/A,N/A,N/A
2022-01-28,2022-02-04,5 to 11,104,108,0,14,226,1852553,945066,905984,1851050,12.20,11.00,11.92,11.45
2022-01-28,2022-02-04,12 to 17,617,572,5,33,1227,4431467,2245332,2181708,4427040,27.69,27.48,26.22,26.86
2022-01-28,2022-02-04,18 to 29,1560,2916,16,162,4654,11467469,5698587,5746972,11445559,40.58,27.38,50.74,39.11
2022-01-28,2022-02-04,30 to 39,1400,4365,13,199,5977,10761261,5262565,5485604,10748169,55.54,26.60,79.57,53.64
2022-01-28,2022-02-04,40 to 49,1383,5268,22,213,6886,10536079,5100017,5427197,10527214,65.36,27.12,97.07,63.18
2022-01-28,2022-02-04,50 to 59,1431,4990,13,221,6655,11828502,5756972,6063156,11820128,56.26,24.86,82.30,54.32
2022-01-28,2022-02-04,60 to 69,1330,3622,10,174,5136,12043800,5826927,6210523,12037450,42.64,22.83,58.32,41.14
2022-01-28,2022-02-04,70 to 79,810,2057,4,118,2989,8233327,3898072,4331055,8229127,36.30,20.78,47.49,34.84
2022-01-28,2022-02-04,80+,429,1229,2,43,1703,4523012,1837819,2677556,4515375,37.65,23.34,45.90,36.72
2022-01-28,2022-02-04,Unknown,140,291,0,276,711,N/A,N/A,N/A,N/A,N/A,N/A,N/A,N/A
2022-01-28,2022-02-04,Total,9204,25418,85,1457,36164,75739126,36574985,39033136,75608121,47.75,25.16,65.12,45.79
2022-02-04,2022-02-11,0 to 4,N/A,N/A,N/A,N/A,N/A,N/A,N/A,N/A,N/A,N/A,N/A,N/A,N/A
2022-02-04,2022-02-11,5 to 11,111,115,0,14,240,2119449,1079982,1037621,2117603,11.32,10.28,11.08,10.67
2022-02-04,2022-02-11,12 to 17,652,599,7,37,1295,4453813,2256330,2193018,4449348,29.08,28.90,27.31,28.12
2022-02-04,2022-02-11,18 to 29,1606,2988,16,164,4774,11745965,5831789,5891976,11723765,40.64,27.54,50.71,39.19
2022-02-04,2022-02-11,30 to 39,1435,4481,13,216,6145,11031988,5396694,5622021,11018715,55.70,26.59,79.70,53.69
2022-02-04,2022-02-11,40 to 49,1423,5386,22,219,7050,10804837,5234967,5560930,10795897,65.25,27.18,96.85,63.07
2022-02-04,2022-02-11,50 to 59,1459,5091,14,227,6791,12089576,5889109,6191993,12081102,56.17,24.77,82.22,54.22
2022-02-04,2022-02-11,60 to 69,1352,3696,10,180,5238,12250376,5930124,6313825,12243949,42.76,22.80,58.54,41.23
2022-02-04,2022-02-11,70 to 79,822,2077,4,120,3023,8320221,3938646,4377342,8315988,36.33,20.87,47.45,34.86
2022-02-04,2022-02-11,80+,435,1236,2,44,1717,4571400,1855738,2707982,4563720,37.56,23.44,45.64,36.61
2022-02-04,2022-02-11,Unknown,144,298,0,281,723,N/A,N/A,N/A,N/A,N/A,N/A,N/A,N/A
2022-02-04,2022-02-11,Total,9440,25967,88,1502,36996,77450047,37417485,39900516,77318001,47.77,25.23,65.08,45.79
2022-02-11,2022-02-18,0 to 4,N/A,N/A,N/A,N/A,N/A,N/A,N/A,N/A,N/A,N/A,N/A,N/A,N/A
2022-02-11,2022-02-18,5 to 11,120,126,0,17,263,2339876,1192191,1145708,2337899,11.24,10.07,11.00,10.52
2022-02-11,2022-02-18,12 to 17,664,608,7,41,1320,4486864,2272795,2209601,4482396,29.42,29.22,27.52,28.38
2022-02-11,2022-02-18,18 to 29,1652,3055,16,178,4901,11922090,5918522,5981183,11899705,41.11,27.91,51.08,39.56
2022-02-11,2022-02-18,30 to 39,1483,4591,13,227,6314,11196347,5479114,5703864,11182978,56.39,27.07,80.49,54.31
2022-02-11,2022-02-18,40 to 49,1463,5539,22,232,7256,10957470,5312409,5636074,10948483,66.22,27.54,98.28,63.95
2022-02-11,2022-02-18,50 to 59,1500,5240,14,235,6989,12239183,5965494,6265192,12230686,57.10,25.14,83.64,55.11
2022-02-11,2022-02-18,60 to 69,1383,3782,10,192,5367,12362506,5986885,6369167,12356052,43.41,23.10,59.38,41.80
2022-02-11,2022-02-18,70 to 79,836,2118,4,127,3085,8369420,3961702,4403463,8365165,36.86,21.10,48.10,35.31
2022-02-11,2022-02-18,80+,441,1252,2,46,1741,4602065,1867007,2727383,4594390,37.83,23.62,45.90,36.85
2022-02-11,2022-02-18,Unknown,146,300,0,285,731,N/A,N/A,N/A,N/A,N/A,N/A,N/A,N/A
2022-02-11,2022-02-18,Total,9690,26614,88,1583,37975,78538705,37960561,40445784,78406345,48.35,25.53,65.80,46.30
2022-02-18,2022-02-25,0 to 4,N/A,N/A,N/A,N/A,N/A,N/A,N/A,N/A,N/A,N/A,N/A,N/A,N/A
2022-02-18,2022-02-25,5 to 11,125,135,0,19,279,2512111,1279826,1230219,2510045,11.11,9.77,10.97,10.36
2022-02-18,2022-02-25,12 to 17,681,619,7,41,1348,4534976,2295918,2234588,4530506,29.72,29.66,27.70,28.69
2022-02-18,2022-02-25,18 to 29,1700,3127,16,182,5025,12041732,5978522,6040718,12019240,41.73,28.44,51.77,40.16
2022-02-18,2022-02-25,30 to 39,1538,4725,13,241,6517,11309656,5536112,5760119,11296231,57.62,27.78,82.03,55.44
2022-02-18,2022-02-25,40 to 49,1506,5700,22,247,7475,11056324,5362832,5684468,11047300,67.61,28.08,100.27,65.23
2022-02-18,2022-02-25,50 to 59,1543,5384,14,248,7189,12329754,6011895,6309338,12321233,58.31,25.67,85.33,56.22
2022-02-18,2022-02-25,60 to 69,1416,3870,10,210,5506,12439834,6025851,6407481,12433332,44.26,23.50,60.40,42.51
2022-02-18,2022-02-25,70 to 79,855,2166,4,132,3157,8412984,3982143,4426549,8408692,37.53,21.47,48.93,35.93
2022-02-18,2022-02-25,80+,446,1266,2,48,1762,4637467,1880445,2749326,4629771,37.99,23.72,46.05,36.98
2022-02-18,2022-02-25,Unknown,156,312,0,290,758,N/A,N/A,N/A,N/A,N/A,N/A,N/A,N/A
2022-02-18,2022-02-25,Total,9966,27304,88,1658,39016,79338108,38358261,40847248,79205509,49.18,25.98,66.84,47.05
2022-02-25,2022-03-04,0 to 4,N/A,N/A,N/A,N/A,N/A,N/A,N/A,N/A,N/A,N/A,N/A,N/A,N/A
2022-02-25,2022-03-04,5 to 11,149,155,0,30,334,2647134,1348547,1296443,2644990,12.62,11.05,11.96,11.49
2022-02-25,2022-03-04,12 to 17,692,625,7,41,1365,4634311,2344358,2285386,4629744,29.45,29.52,27.35,28.45
2022-02-25,2022-03-04,18 to 29,1763,3190,16,206,5175,12127245,6020758,6083913,12104671,42.67,29.28,52.43,40.92
2022-02-25,2022-03-04,30 to 39,1583,4838,13,257,6691,11382857,5572158,5797237,11369395,58.78,28.41,83.45,56.48
2022-02-25,2022-03-04,40 to 49,1561,5829,23,269,7682,11122488,5396314,5717135,11113449,69.07,28.93,101.96,66.50
2022-02-25,2022-03-04,50 to 59,1577,5501,14,279,7371,12394446,6044836,6341084,12385920,59.47,26.09,86.75,57.15
2022-02-25,2022-03-04,60 to 69,1442,3939,10,231,5622,12482313,6047181,6428622,12475803,45.04,23.85,61.27,43.13
2022-02-25,2022-03-04,70 to 79,870,2207,4,139,3220,8426771,3988360,4434127,8422487,38.21,21.81,49.77,36.53
2022-02-25,2022-03-04,80+,448,1280,2,51,1781,4645932,1882623,2755641,4638264,38.33,23.80,46.45,37.26
2022-02-25,2022-03-04,Unknown,159,317,0,294,770,N/A,N/A,N/A,N/A,N/A,N/A,N/A,N/A
2022-02-25,2022-03-04,Total,10244,27881,89,1797,40011,79927068,38650070,41144248,79794318,50.06,26.50,67.76,47.78
2022-03-04,2022-03-11,0 to 4,N/A,N/A,N/A,N/A,N/A,N/A,N/A,N/A,N/A,N/A,N/A,N/A,N/A
2022-03-04,2022-03-11,5 to 11,168,170,0,34,372,2727398,1389375,1335819,2725194,13.64,12.09,12.73,12.40
2022-03-04,2022-03-11,12 to 17,707,643,7,43,1400,4707759,2379867,2323225,4703092,29.74,29.71,27.68,28.70
2022-03-04,2022-03-11,18 to 29,1795,3265,16,222,5298,12174539,6043680,6108248,12151928,43.52,29.70,53.45,41.64
2022-03-04,2022-03-11,30 to 39,1638,4934,14,268,6854,11423837,5592431,5817919,11410350,60.00,29.29,84.81,57.60
2022-03-04,2022-03-11,40 to 49,1596,5943,23,280,7842,11158648,5414213,5735382,11149595,70.28,29.48,103.62,67.62
2022-03-04,2022-03-11,50 to 59,1611,5605,14,293,7523,12430600,6063155,6358910,12422065,60.52,26.57,88.14,58.09
2022-03-04,2022-03-11,60 to 69,1468,4004,10,244,5726,12511091,6061503,6443068,12504571,45.77,24.22,62.14,43.76
2022-03-04,2022-03-11,70 to 79,892,2238,4,145,3279,8442506,3995792,4442407,8438199,38.84,22.32,50.38,37.09
2022-03-04,2022-03-11,80+,454,1297,2,53,1806,4659817,1887436,2764707,4652143,38.76,24.05,46.91,37.64
2022-03-04,2022-03-11,Unknown,167,323,0,301,791,N/A,N/A,N/A,N/A,N/A,N/A,N/A,N/A
2022-03-04,2022-03-11,Total,10496,28422,90,1883,40891,80300023,38832535,41334504,80167039,50.92,27.03,68.76,48.55
2022-03-11,2022-03-18,0 to 4,N/A,N/A,N/A,N/A,N/A,N/A,N/A,N/A,N/A,N/A,N/A,N/A,N/A
2022-03-11,2022-03-18,5 to 11,185,182,0,37,404,2779591,1415969,1361379,2777348,14.53,13.07,13.37,13.21
2022-03-11,2022-03-18,12 to 17,719,649,7,44,1419,4749879,2400099,2345058,4745157,29.87,29.96,27.68,28.83
2022-03-11,2022-03-18,18 to 29,1817,3304,16,225,5362,12205727,6058764,6124327,12183091,43.93,29.99,53.95,42.03
2022-03-11,2022-03-18,30 to 39,1672,5015,14,279,6980,11451994,5605946,5832534,11438480,60.95,29.83,85.98,58.46
2022-03-11,2022-03-18,40 to 49,1635,6067,23,290,8015,11183381,5426562,5747764,11174326,71.67,30.13,105.55,68.93
2022-03-11,2022-03-18,50 to 59,1642,5749,14,301,7706,12453917,6074695,6370677,12445372,61.88,27.03,90.24,59.39
2022-03-11,2022-03-18,60 to 69,1501,4088,10,255,5854,12531472,6071832,6453125,12524957,46.71,24.72,63.35,44.62
2022-03-11,2022-03-18,70 to 79,910,2280,4,149,3343,8454622,4001349,4448964,8450313,39.54,22.74,51.25,37.75
2022-03-11,2022-03-18,80+,457,1316,2,53,1828,4669872,1891048,2771157,4662205,39.14,24.17,47.49,38.03
2022-03-11,2022-03-18,Unknown,170,327,0,304,801,N/A,N/A,N/A,N/A,N/A,N/A,N/A,N/A
2022-03-11,2022-03-18,Total,10708,28977,90,1937,41712,80544605,38951518,41459979,80411497,51.79,27.49,69.89,49.35
2022-03-18,2022-03-25,0 to 4,N/A,N/A,N/A,N/A,N/A,N/A,N/A,N/A,N/A,N/A,N/A,N/A,N/A
2022-03-18,2022-03-25,5 to 11,199,203,0,38,440,2829435,1441531,1385633,2827164,15.55,13.80,14.65,14.22
2022-03-18,2022-03-25,12 to 17,730,654,7,48,1439,4780239,2414638,2360848,4775486,30.10,30.23,27.70,28.98
2022-03-18,2022-03-25,18 to 29,1841,3359,17,233,5450,12230114,6070558,6136900,12207458,44.56,30.33,54.73,42.60
2022-03-18,2022-03-25,30 to 39,1721,5104,14,286,7125,11475410,5617229,5844656,11461885,62.09,30.64,87.33,59.55
2022-03-18,2022-03-25,40 to 49,1678,6180,23,297,8178,11203517,5436310,5758155,11194465,72.99,30.87,107.33,70.20
2022-03-18,2022-03-25,50 to 59,1680,5876,14,307,7877,12472517,6083935,6380033,12463968,63.15,27.61,92.10,60.62
2022-03-18,2022-03-25,60 to 69,1527,4180,10,264,5981,12547840,6079767,6461575,12541342,47.67,25.12,64.69,45.51
2022-03-18,2022-03-25,70 to 79,939,2316,4,157,3416,8465137,4006202,4454628,8460830,40.35,23.44,51.99,38.47
2022-03-18,2022-03-25,80+,461,1331,2,54,1848,4679286,1894467,2777153,4671620,39.49,24.33,47.93,38.36
2022-03-18,2022-03-25,Unknown,177,332,0,311,820,N/A,N/A,N/A,N/A,N/A,N/A,N/A,N/A
2022-03-18,2022-03-25,Total,10953,29535,91,1995,42574,80747969,39050053,41564744,80614797,52.72,28.05,71.06,50.22
2022-03-25,2022-04-01,0 to 4,N/A,N/A,N/A,N/A,N/A,N/A,N/A,N/A,N/A,N/A,N/A,N/A,N/A
2022-03-25,2022-04-01,5 to 11,216,221,0,35,472,2877921,1466399,1409236,2875635,16.40,14.73,15.68,15.20
2022-03-25,2022-04-01,12 to 17,747,660,7,45,1459,4816335,2432410,2379138,4811548,30.29,30.71,27.74,29.24
2022-03-25,2022-04-01,18 to 29,1869,3402,17,229,5517,12250907,6080644,6147635,12228279,45.03,30.74,55.34,43.11
2022-03-25,2022-04-01,30 to 39,1747,5163,14,276,7200,11496181,5627125,5855552,11482677,62.63,31.05,88.17,60.18
2022-03-25,2022-04-01,40 to 49,1701,6263,23,294,8281,11222015,5445301,5767680,11212981,73.79,31.24,108.59,71.02
2022-03-25,2022-04-01,50 to 59,1725,5958,14,298,7995,12490511,6093002,6388991,12481993,64.01,28.31,93.25,61.55
2022-03-25,2022-04-01,60 to 69,1545,4241,10,257,6053,12564291,6087914,6469879,12557793,48.18,25.38,65.55,46.07
2022-03-25,2022-04-01,70 to 79,944,2343,4,151,3442,8476059,4011300,4460455,8471755,40.61,23.53,52.53,38.80
2022-03-25,2022-04-01,80+,464,1340,2,52,1858,4688302,1897926,2782702,4680628,39.63,24.45,48.15,38.54
2022-03-25,2022-04-01,Unknown,178,332,0,318,828,N/A,N/A,N/A,N/A,N/A,N/A,N/A,N/A
2022-03-25,2022-04-01,Total,11136,29923,91,1955,43105,80947344,39147632,41666607,80814239,53.25,28.45,71.82,50.81
2022-04-01,2022-04-08,0 to 4,N/A,N/A,N/A,N/A,N/A,N/A,N/A,N/A,N/A,N/A,N/A,N/A,N/A
2022-04-01,2022-04-08,5 to 11,232,234,0,37,503,2916193,1486010,1427883,2913893,17.25,15.61,16.39,15.99
2022-04-01,2022-04-08,12 to 17,756,669,7,46,1478,4839757,2443773,2391179,4834952,30.54,30.94,27.98,29.47
2022-04-01,2022-04-08,18 to 29,1901,3442,17,231,5591,12270474,6090051,6157776,12247827,45.56,31.21,55.90,43.62
2022-04-01,2022-04-08,30 to 39,1759,5220,14,280,7273,11515686,5636507,5865677,11502184,63.16,31.21,88.99,60.68
2022-04-01,2022-04-08,40 to 49,1732,6339,23,294,8388,11240265,5454226,5777021,11231247,74.62,31.76,109.73,71.86
2022-04-01,2022-04-08,50 to 59,1746,6010,14,302,8072,12508354,6101951,6397868,12499819,64.53,28.61,93.94,62.05
2022-04-01,2022-04-08,60 to 69,1560,4272,10,262,6104,12581870,6096434,6478930,12575364,48.51,25.59,65.94,46.38
2022-04-01,2022-04-08,70 to 79,950,2360,4,153,3467,8487882,4016910,4466665,8483575,40.85,23.65,52.84,39.02
2022-04-01,2022-04-08,80+,465,1347,2,52,1866,4698516,1901902,2788946,4690848,39.71,24.45,48.30,38.63
2022-04-01,2022-04-08,Unknown,175,332,0,319,826,N/A,N/A,N/A,N/A,N/A,N/A,N/A,N/A
2022-04-01,2022-04-08,Total,11276,30225,91,1976,43568,81124072,39233508,41757414,80990922,53.71,28.74,72.38,51.24
2022-04-08,2022-04-19,0 to 4,N/A,N/A,N/A,N/A,N/A,N/A,N/A,N/A,N/A,N/A,N/A,N/A,N/A
2022-04-08,2022-04-19,5 to 11,229,240,0,37,506,2941306,1498833,1440154,2938987,17.20,15.28,16.66,15.96
2022-04-08,2022-04-19,12 to 17,760,675,7,47,1489,4849109,2448391,2395896,4844287,30.71,31.04,28.17,29.62
2022-04-08,2022-04-19,18 to 29,1930,3490,17,231,5668,12282855,6096359,6163849,12260208,46.15,31.66,56.62,44.21
2022-04-08,2022-04-19,30 to 39,1788,5299,14,286,7387,11533714,5645336,5874896,11520232,64.05,31.67,90.20,61.52
2022-04-08,2022-04-19,40 to 49,1772,6431,22,294,8519,11254886,5461302,5784580,11245882,75.69,32.45,111.17,72.94
2022-04-08,2022-04-19,50 to 59,1778,6101,14,305,8198,12518667,6106925,6403214,12510139,65.49,29.11,95.28,62.98
2022-04-08,2022-04-19,60 to 69,1576,4327,10,262,6175,12608357,6109427,6492425,12601852,48.98,25.80,66.65,46.84
2022-04-08,2022-04-19,70 to 79,963,2397,4,153,3517,8521963,4032143,4485514,8517657,41.27,23.88,53.44,39.45
2022-04-08,2022-04-19,80+,469,1362,2,55,1888,4754513,1927306,2819523,4746829,39.71,24.33,48.31,38.57
2022-04-08,2022-04-19,Unknown,169,317,0,317,803,N/A,N/A,N/A,N/A,N/A,N/A,N/A,N/A
2022-04-08,2022-04-19,Total,11438,30639,90,1987,44154,81330640,39331869,41865616,81197485,54.29,29.08,73.18,51.82
2022-04-15,2022-04-29,0 to 4,N/A,N/A,N/A,N/A,N/A,N/A,N/A,N/A,N/A,N/A,N/A,N/A,N/A
2022-04-15,2022-04-29,5 to 11,245,243,0,39,527,2967891,1512635,1452941,2965576,17.76,16.20,16.72,16.46
2022-04-15,2022-04-29,12 to 17,766,681,7,48,1502,4875965,2461522,2409585,4871107,30.80,31.12,28.26,29.71
2022-04-15,2022-04-29,18 to 29,1941,3515,17,232,5705,12304913,6106699,6175553,12282252,46.36,31.78,56.92,44.42
2022-04-15,2022-04-29,30 to 39,1799,5346,14,289,7448,11552343,5654170,5884683,11538853,64.47,31.82,90.85,61.92
2022-04-15,2022-04-29,40 to 49,1788,6488,22,297,8595,11274687,5470952,5794730,11265682,76.23,32.68,111.96,73.46
2022-04-15,2022-04-29,50 to 59,1790,6156,14,310,8270,12548567,6121336,6418682,12540018,65.90,29.24,95.91,63.37
2022-04-15,2022-04-29,60 to 69,1584,4360,10,267,6221,12658109,6132628,6518935,12651563,49.15,25.83,66.88,46.98
2022-04-15,2022-04-29,70 to 79,968,2408,4,154,3534,8619595,4079216,4536046,8615262,41.00,23.73,53.09,39.19
2022-04-15,2022-04-29,80+,473,1373,2,55,1903,4816082,1952602,2855744,4808346,39.51,24.22,48.08,38.39
2022-04-15,2022-04-29,Unknown,171,316,0,319,806,N/A,N/A,N/A,N/A,N/A,N/A,N/A,N/A
2022-04-15,2022-04-29,Total,11525,30886,90,2010,44511,81683493,39497651,42052488,81550139,54.49,29.18,73.45,52.01
2022-04-29,2022-05-13,0 to 4,N/A,N/A,N/A,N/A,N/A,N/A,N/A,N/A,N/A,N/A,N/A,N/A,N/A
2022-04-29,2022-05-13,5 to 11,265,260,0,39,564,3002761,1530502,1469915,3000417,18.78,17.31,17.69,17.50
2022-04-29,2022-05-13,12 to 17,786,695,7,48,1536,4905661,2476044,2424727,4900771,31.31,31.74,28.66,30.22
2022-04-29,2022-05-13,18 to 29,1974,3555,17,239,5785,12335485,6121505,6191302,12312807,46.90,32.25,57.42,44.90
2022-04-29,2022-05-13,30 to 39,1825,5417,14,290,7546,11582924,5668761,5900659,11569420,65.15,32.19,91.80,62.60
2022-04-29,2022-05-13,40 to 49,1818,6554,22,296,8690,11304608,5485230,5810348,11295578,76.87,33.14,112.80,74.12
2022-04-29,2022-05-13,50 to 59,1819,6213,14,315,8361,12598699,6144000,6446127,12590127,66.36,29.61,96.38,63.80
2022-04-29,2022-05-13,60 to 69,1602,4419,10,267,6298,12931589,6262224,6662703,12924927,48.70,25.58,66.32,46.58
2022-04-29,2022-05-13,70 to 79,980,2445,4,154,3583,8958236,4242240,4711529,8953769,40.00,23.10,51.89,38.25
2022-04-29,2022-05-13,80+,483,1383,2,56,1924,4999222,2030873,2960404,4991277,38.49,23.78,46.72,37.39
2022-04-29,2022-05-13,Unknown,175,328,0,321,824,N/A,N/A,N/A,N/A,N/A,N/A,N/A,N/A
2022-04-29,2022-05-13,Total,11727,31269,90,2025,45111,82684708,39967358,42583406,82550764,54.56,29.34,73.43,52.08
2022-05-13,2022-05-30,0 to 4,N/A,N/A,N/A,N/A,N/A,N/A,N/A,N/A,N/A,N/A,N/A,N/A,N/A
2022-05-13,2022-05-30,5 to 11,265,260,0,39,564,3002761,1530502,1469915,3000417,18.78,17.31,17.69,17.50
2022-05-13,2022-05-30,12 to 17,786,695,7,48,1536,4905661,2476044,2424727,4900771,31.31,31.74,28.66,30.22
2022-05-13,2022-05-30,18 to 29,2006,3614,18,243,5881,12348445,6128515,6197304,12325819,47.63,32.73,58.32,45.60
2022-05-13,2022-05-30,30 to 39,1865,5539,14,291,7709,11611046,5682331,5915110,11597441,66.39,32.82,93.64,63.84
2022-05-13,2022-05-30,40 to 49,1866,6708,22,301,8897,11322990,5493584,5820351,11313935,78.57,33.97,115.25,75.78
2022-05-13,2022-05-30,50 to 59,1859,6355,14,320,8548,12611661,6148341,6454735,12603076,67.78,30.24,98.45,65.17
2022-05-13,2022-05-30,60 to 69,1627,4558,10,281,6476,13199699,6385425,6807472,13192897,49.06,25.48,66.96,46.88
2022-05-13,2022-05-30,70 to 79,995,2506,5,158,3664,9298533,4401348,4892672,9294020,39.40,22.61,51.22,37.67
2022-05-13,2022-05-30,80+,490,1406,2,60,1958,5256389,2137905,3110201,5248106,37.25,22.92,45.21,36.13
2022-05-13,2022-05-30,Unknown,175,329,0,327,831,N/A,N/A,N/A,N/A,N/A,N/A,N/A,N/A
2022-05-13,2022-05-30,Total,11963,32025,92,2069,46149,83607187,40383948,43088886,83472834,55.20,29.62,74.32,52.70
2022-05-27,2022-06-24,0 to 4,N/A,N/A,N/A,N/A,N/A,N/A,N/A,N/A,N/A,N/A,N/A,N/A,N/A
2022-05-27,2022-06-24,5 to 11,294,298,0,41,633,3073595,1566885,1504377,3071262,20.59,18.76,19.81,19.28
2022-05-27,2022-06-24,12 to 17,803,732,7,48,1590,4942789,2495373,2442655,4938028,32.17,32.18,29.97,31.09
2022-05-27,2022-06-24,18 to 29,2025,3643,18,244,5930,12423127,6163472,6236942,12400414,47.73,32.85,58.41,45.71
2022-05-27,2022-06-24,30 to 39,1885,5593,14,290,7782,11637015,5693560,5929885,11623445,66.87,33.11,94.32,64.34
2022-05-27,2022-06-24,40 to 49,1886,6769,22,305,8982,11346459,5504496,5832910,11337406,79.16,34.26,116.05,76.34
2022-05-27,2022-06-24,50 to 59,1878,6400,14,324,8616,12687199,6183330,6495289,12678619,67.91,30.37,98.53,65.29
2022-05-27,2022-06-24,60 to 69,1647,4623,10,286,6566,13364983,6459148,6898953,13358101,49.13,25.50,67.01,46.94
2022-05-27,2022-06-24,70 to 79,1013,2541,5,162,3721,9476586,4483229,4988782,9472011,39.27,22.60,50.93,37.52
2022-05-27,2022-06-24,80+,499,1415,2,61,1977,5329240,2162673,3158189,5320862,37.10,23.07,44.80,35.97
2022-05-27,2022-06-24,Unknown,176,332,0,330,838,N/A,N/A,N/A,N/A,N/A,N/A,N/A,N/A
2022-05-27,2022-06-24,Total,12106,32346,92,2091,46635,84343563,40716635,43492273,84208908,55.29,29.73,74.37,52.79
2022-06-24,2022-07-08,0 to 4,N/A,N/A,N/A,N/A,N/A,N/A,N/A,N/A,N/A,N/A,N/A,N/A,N/A
2022-06-24,2022-07-08,5 to 11,314,314,0,40,668,3108688,1584944,1521417,3106361,21.49,19.81,20.64,20.22
2022-06-24,2022-07-08,12 to 17,817,741,7,48,1613,4973144,2510269,2458092,4968361,32.43,32.55,30.15,31.36
2022-06-24,2022-07-08,18 to 29,2103,3786,18,242,6149,12463382,6182402,6258256,12440658,49.34,34.02,60.50,47.34
2022-06-24,2022-07-08,30 to 39,1965,5864,14,293,8136,11676168,5711790,5950812,11662602,69.68,34.40,98.54,67.13
2022-06-24,2022-07-08,40 to 49,1996,7048,22,308,9374,11387177,5523675,5854446,11378121,82.32,36.14,120.39,79.49
2022-06-24,2022-07-08,50 to 59,1965,6687,14,325,8991,12757696,6215927,6533173,12749100,70.48,31.61,102.35,67.86
2022-06-24,2022-07-08,60 to 69,1720,4880,10,289,6899,13580793,6556966,7016865,13573831,50.80,26.23,69.55,48.62
2022-06-24,2022-07-08,70 to 79,1077,2688,5,168,3938,9801124,4636089,5160416,9796505,40.18,23.23,52.09,38.43
2022-06-24,2022-07-08,80+,522,1456,2,63,2043,5495208,2232670,3254054,5486724,37.18,23.38,44.74,36.05
2022-06-24,2022-07-08,Unknown,183,334,0,342,859,N/A,N/A,N/A,N/A,N/A,N/A,N/A,N/A
2022-06-24,2022-07-08,Total,12662,33798,92,2118,48670,85305089,41158769,44011405,85170174,57.05,30.76,76.79,54.55
2022-07-22,2022-08-05,0 to 4,N/A,N/A,N/A,N/A,N/A,N/A,N/A,N/A,N/A,N/A,N/A,N/A,N/A
2022-07-22,2022-08-05,5 to 11,321,318,0,39,678,3136145,1598855,1534948,3133803,21.62,20.08,20.72,20.39
2022-07-22,2022-08-05,12 to 17,819,752,7,44,1622,5003511,2525139,2473544,4998683,32.42,32.43,30.40,31.43
2022-07-22,2022-08-05,18 to 29,2126,3880,18,240,6264,12509048,6203356,6282947,12486303,50.08,34.27,61.75,48.10
2022-07-22,2022-08-05,30 to 39,2018,6039,14,279,8350,11726408,5735080,5977697,11712777,71.21,35.19,101.03,68.79
2022-07-22,2022-08-05,40 to 49,2056,7256,22,306,9640,11444283,5550162,5885029,11435191,84.23,37.04,123.30,81.43
2022-07-22,2022-08-05,50 to 59,2026,6881,14,312,9233,12854584,6260172,6585759,12845931,71.83,32.36,104.48,69.34
2022-07-22,2022-08-05,60 to 69,1770,5038,10,284,7102,13812723,6665084,7140566,13805650,51.42,26.56,70.55,49.31
2022-07-22,2022-08-05,70 to 79,1115,2781,5,172,4073,10061089,4761175,5295225,10056400,40.48,23.42,52.52,38.74
2022-07-22,2022-08-05,80+,537,1480,2,64,2083,5605497,2280687,3316246,5596933,37.16,23.55,44.63,36.04
2022-07-22,2022-08-05,Unknown,186,339,0,351,876,N/A,N/A,N/A,N/A,N/A,N/A,N/A,N/A
2022-07-22,2022-08-05,Total,12974,34764,92,2091,49921,86215280,41583894,44495979,86079873,57.90,31.20,78.13,55.46
2022-08-19,2022-09-02,0 to 4,4,1,0,0,5,N/A,N/A,N/A,N/A,N/A,N/A,N/A,N/A
2022-08-19,2022-09-02,5 to 11,330,327,0,40,697,3152237,1607167,1542718,3149885,22.11,20.53,21.20,20.86
2022-08-19,2022-09-02,12 to 17,829,756,7,44,1636,5020764,2533824,2482081,5015905,32.58,32.72,30.46,31.60
2022-08-19,2022-09-02,18 to 29,2147,3903,18,238,6306,12597916,6240789,6333924,12574713,50.06,34.40,61.62,48.11
2022-08-19,2022-09-02,30 to 39,2040,6118,13,280,8451,11839030,5785298,6039776,11825074,71.38,35.26,101.30,68.99
2022-08-19,2022-09-02,40 to 49,2083,7345,23,307,9758,11554267,5599102,5945904,11545006,84.45,37.20,123.53,81.66
2022-08-19,2022-09-02,50 to 59,2062,6962,14,312,9350,13037446,6342012,6686579,13028591,71.72,32.51,104.12,69.26
2022-08-19,2022-09-02,60 to 69,1798,5125,10,283,7216,14026032,6763320,7255549,14018869,51.45,26.58,70.64,49.38
2022-08-19,2022-09-02,70 to 79,1134,2822,5,172,4133,10206548,4830925,5370896,10201821,40.49,23.47,52.54,38.78
2022-08-19,2022-09-02,80+,538,1497,2,65,2102,5687158,2316513,3362040,5678553,36.96,23.22,44.53,35.84
2022-08-19,2022-09-02,Unknown,192,344,0,355,891,N/A,N/A,N/A,N/A,N/A,N/A,N/A,N/A
2022-08-19,2022-09-02,Total,13157,35200,92,2096,50545,87228685,42046296,45045601,87091897,57.95,31.29,78.14,55.52
2022-09-16,2022-10-03,0 to 4,12,6,0,1,19,111034,N/A,N/A,N/A,17.11,N/A,N/A,N/A
2022-09-16,2022-10-03,5 to 11,336,333,0,45,714,3244850,1654419,1588044,3242463,22.00,20.31,20.97,20.63
2022-09-16,2022-10-03,12 to 17,835,764,7,44,1650,5069088,2557787,2506413,5064200,32.55,32.65,30.48,31.57
2022-09-16,2022-10-03,18 to 29,2164,3922,18,236,6340,12687110,6278228,6385585,12663813,49.97,34.47,61.42,48.06
2022-09-16,2022-10-03,30 to 39,2052,6190,12,281,8535,11946982,5831810,6101137,11932947,71.44,35.19,101.46,69.07
2022-09-16,2022-10-03,40 to 49,2103,7393,23,309,9828,11683647,5656180,6018144,11674324,84.12,37.18,122.85,81.34
2022-09-16,2022-10-03,50 to 59,2082,7022,14,315,9433,13234595,6430158,6795510,13225668,71.28,32.38,103.33,68.84
2022-09-16,2022-10-03,60 to 69,1824,5181,10,278,7293,14288082,6886688,7394187,14280875,51.04,26.49,70.07,49.05
2022-09-16,2022-10-03,70 to 79,1149,2855,5,176,4185,10385784,4914937,5466073,10381010,40.30,23.38,52.23,38.57
2022-09-16,2022-10-03,80+,543,1507,2,65,2117,5812998,2362104,3442262,5804366,36.42,22.99,43.78,35.32
2022-09-16,2022-10-03,Unknown,198,353,0,370,921,N/A,N/A,N/A,N/A,N/A,N/A,N/A,N/A
2022-09-16,2022-10-03,Total,13298,35526,91,2120,51035,88521110,42630347,45753400,88383747,57.65,31.19,77.65,55.24
2002-10-14,2022-10-28,0 to 4,25,18,0,3,46,148189,75275,72794,148069,31.04,33.21,24.73,29.04
2002-10-14,2022-10-28,5 to 11,348,347,0,38,733,3313939,1689422,1622117,3311539,22.12,20.60,21.39,20.99
2002-10-14,2022-10-28,12 to 17,846,773,8,39,1666,5088439,2567317,2516226,5083543,32.74,32.95,30.72,31.85
2002-10-14,2022-10-28,18 to 29,2201,3970,19,206,6396,12767336,6311141,6432702,12743843,50.10,34.87,61.72,48.42
2002-10-14,2022-10-28,30 to 39,2088,6280,12,232,8612,12085364,5892151,6178957,12071108,71.26,35.44,101.64,69.32
2002-10-14,2022-10-28,40 to 49,2124,7506,22,257,9909,11875801,5743947,6122398,11866345,83.44,36.98,122.60,81.15
2002-10-14,2022-10-28,50 to 59,2120,7144,14,260,9538,13544962,6574541,6961311,13535852,70.42,32.25,102.62,68.44
2002-10-14,2022-10-28,60 to 69,1855,5278,9,234,7376,14807547,7131804,7668375,14800179,49.81,26.01,68.83,48.20
2002-10-14,2022-10-28,70 to 79,1174,2911,5,153,4243,10776087,5100921,5670230,10771151,39.37,23.02,51.34,37.93
2002-10-14,2022-10-28,80+,549,1530,2,60,2141,6034078,2452975,3572170,6025145,35.48,22.38,42.83,34.51
2002-10-14,2022-10-28,Unknown,201,359,0,494,1054,N/A,N/A,N/A,N/A,N/A,N/A,N/A,N/A
2002-10-14,2022-10-28,Total,13531,36116,91,1976,51714,90499164,43541192,46818969,90360161,57.14,31.08,77.14,54.94
2022-11-11,2022-11-25,0 to 4,32,28,0,4,64,193855,98648,95074,193722,33.01,32.44,29.45,30.97
2022-11-11,2022-11-25,5 to 11,353,363,0,36,752,3362176,1713866,1645924,3359790,22.37,20.60,22.05,21.31
2022-11-11,2022-11-25,12 to 17,853,781,8,31,1673,5156708,2601562,2550178,5151740,32.44,32.79,30.63,31.72
2022-11-11,2022-11-25,18 to 29,2222,4024,19,169,6434,12918415,6373741,6520818,12894559,49.80,34.86,61.71,48.44
2022-11-11,2022-11-25,30 to 39,2128,6349,11,190,8678,12323181,6001083,6307540,12308623,70.42,35.46,100.66,68.87
2022-11-11,2022-11-25,40 to 49,2154,7601,18,198,9971,12148020,5870241,6268098,12138339,82.08,36.69,121.26,80.37
2022-11-11,2022-11-25,50 to 59,2153,7237,13,212,9615,13927354,6750708,7167294,13918002,69.04,31.89,100.97,67.47
2022-11-11,2022-11-25,60 to 69,1880,5402,9,196,7487,15449083,7431733,8009698,15441431,48.46,25.30,67.44,47.16
2022-11-11,2022-11-25,70 to 79,1203,2962,5,126,4296,11409749,5404333,6000237,11404570,37.65,22.26,49.36,36.52
2022-11-11,2022-11-25,80+,561,1549,2,53,2165,6383353,2602246,3771786,6374032,33.92,21.56,41.07,33.10
2022-11-11,2022-11-25,Unknown,203,367,0,498,1068,N/A,N/A,N/A,N/A,N/A,N/A,N/A,N/A
2022-11-11,2022-11-25,Total,13742,36663,85,1713,52203,93336609,44853695,48341928,93195623,55.93,30.64,75.84,54.09
2022-12-09,2022-12-22,0 to 4,41,35,0,5,81,238444,121367,116936,238303,33.97,33.78,29.93,31.89
2022-12-09,2022-12-22,5 to 11,358,371,0,32,761,3415305,1740994,1671896,3412890,22.28,20.56,22.19,21.36
2022-12-09,2022-12-22,12 to 17,860,794,8,30,1692,5232896,2639545,2588332,5227877,32.33,32.58,30.68,31.64
2022-12-09,2022-12-22,18 to 29,2248,4089,19,148,6504,13054653,6430831,6599679,13030510,49.82,34.96,61.96,48.63
2022-12-09,2022-12-22,30 to 39,2159,6443,11,167,8780,12511953,6086028,6411073,12497101,70.17,35.47,100.50,68.83
2022-12-09,2022-12-22,40 to 49,2190,7745,17,174,10126,12362227,5968913,6383456,12352369,81.91,36.69,121.33,80.43
2022-12-09,2022-12-22,50 to 59,2188,7376,13,190,9767,14243355,6898505,7335272,14233777,68.57,31.72,100.56,67.19
2022-12-09,2022-12-22,60 to 69,1920,5532,9,171,7632,15917003,7653885,8255242,15909127,47.95,25.09,67.01,46.84
2022-12-09,2022-12-22,70 to 79,1237,3060,5,112,4414,11826613,5601451,6219846,11821297,37.32,22.08,49.20,36.35
2022-12-09,2022-12-22,80+,574,1577,2,50,2203,6601624,2693922,3898127,6592049,33.37,21.31,40.46,32.63
2022-12-09,2022-12-22,Unknown,223,377,0,504,1104,N/A,N/A,N/A,N/A,N/A,N/A,N/A,N/A
2022-12-09,2022-12-22,Total,13998,37399,84,1583,53064,95478519,45845780,49489649,95335429,55.58,30.53,75.57,53.91